"Case","Region","Case_Name","Date_Filed","Date_Closed","City","State","Unit ID","Tally_Date","Num_Eligible_Voters","Void Ballots","Labor_Union","Votes_For_Union","Labor Union2","Votes for Labor Union2","Labor Union3","Votes for Labor Union3","Votes_Against","Total_Ballots_Counted","Runoff Required","Challenged Ballots","Challenges are Determinative","Union to Certify","Tally_Type","Ballot_Type","Reason_Closed","Status","Voting Unit (Unit A)","Voting Unit (Unit B)","Voting Unit (Unit C)","Voting Unit (Unit D)","Length","Tally_Quarter","Filed_Quarter","size","Unique","Case_Type","Election_Data","Plot_Labor_Union","National_Count","National","Margin","Union_Cer","Didnt_Vote"
"01-RC-361421","Region 01, Boston, Massachusetts","Butler’s Bus Service, Inc.",2025-03-06,2025-04-25,"Lyndon","VT","A",2025-04-17,40,NA,"VERMONT NATIONAL EDUCATION ASSOCIATION",7,NA,NA,NA,NA,23,30,NA,NA,NA,NA,"Initial","Single Labor Organization","Certification of Results","Closed","Included: All full-time, regular part-time, and seasonal drivers, monitors, dispatchers, mechanics, and driver trainers employed by the Employer at its 231 Red Village Road, Lyndonville, VT location.
Excluded: All office clerical employees, confidential employees, casual employees, managers, guards, professional employees, and supervisors as defined in the Act.",NA,NA,NA,42,2025-04-01,2025-01-01,"26-50",TRUE,"RC","Yes","VERMONT NATIONAL EDUCATION ASSOCIATION",1,"NEA",0.233333333333333,"No",10
"02-RD-344157","Region 02, New York, New York","Aramark Educational Services, LLC",2024-06-11,2024-07-11,"Cross River","NY","A",2024-06-26,13,NA,"New York State United Teachers YSUTAFT/NEA, AFL/CIO",5,NA,NA,NA,NA,4,9,NA,NA,NA,"New York State United Teachers YSUTAFT/NEA, AFL/CIO","Initial","Single Labor Organization","Certific. of Representative","Closed","INCLUDED: 
All full-time and part-time high school, middle school,
and elementary school cooks, and high, middle, and
elementary food service workers, who were employed during payroll period ending June 12, 2024.

EXCLUDED: 
All directors, guards, professional employees, and supervisors as defined in the Act.",NA,NA,NA,15,2024-04-01,2024-04-01,"11-25",TRUE,"RD","Yes","New York State United Teachers YSUTAFT/NEA, AFL/CIO",1,"NEA",0.555555555555556,"Yes",4
"06-RC-287129","Region 06, Pittsburgh, Pennsylvania","The Pennsylvania Cyber Charter School",2021-12-03,2022-02-07,"Midland","PA","A",2022-01-28,64,2,"PA Cyber Academic Advisors and School Counselors Education Association, PSEA/NEA",44,NA,NA,NA,NA,14,58,NA,NA,NA,"PA Cyber Academic Advisors and School Counselors Education Association, PSEA/NEA","Initial","Single Labor Organization","Certific. of Representative","Closed","Included:  All full-time and regular part-time professional guidance employees, including academic advisors, SPED academic advisors, school counselors, and college and career coordinators employed by the Employer at its Pennsylvania facilities.

Excluding: all other employees, office clerical employees, guards, managerial employees and supervisors as defined in the Act.",NA,NA,NA,56,2022-01-01,2021-10-01,"51-100",TRUE,"RC","Yes","PA Cyber Academic Advisors and School Counselors Education Association, PSEA/NEA",1,"NEA",0.758620689655172,"Yes",6
"06-RD-274580","Region 06, Pittsburgh, Pennsylvania","The Education Center at The Watson Institute",2021-03-24,2021-05-05,"Sewickley","PA","A",2021-04-27,59,NA,"The Watson Institute Education Association PSEA/NEA",29,NA,NA,NA,NA,15,44,NA,NA,NA,"The Watson Institute Education Association PSEA/NEA","Initial","Single Labor Organization","Certific. of Representative","Closed","Included: All full-time and regular part-time aides, behavior assistants, and licensed practical nurses employed by the Employer at is Sewickley, Pennsylvania facility. 

Excluded: all office clerical employees and guards, professional and managerial employees and supervisors as defined in the Act.",NA,NA,NA,34,2021-04-01,2021-01-01,"51-100",TRUE,"RD","Yes","The Watson Institute Education Association PSEA/NEA",1,"NEA",0.659090909090909,"Yes",15
"06-RC-273664","Region 06, Pittsburgh, Pennsylvania","Propel Schools; Propel Charter School – East; Propel Charter School – Hazelwood; Propel Charter School - McKeesport; Propel Charter School – Montour; Propel Charter School – Northside; Propel Charter School – Pitcairn; Propel Charter School – Sunrise d/b/a Propel Charter School – Braddock Hills",2021-03-04,2021-05-07,"Pittsburgh","PA","C",2021-04-29,436,6,"Propel Charter School Education Association, PSEA/NEA",236,NA,NA,NA,NA,82,318,NA,1,NA,"Propel Charter School Education Association, PSEA/NEA","Initial","Single Labor Organization","Certific. of Representative","Closed","VOTING GROUP - UNIT A (PROFESSIONAL UNIT):
All full-time and regular part-time instructional employees, including Teachers, Special Ed Teachers, Integration Teachers, Fitness and Wellness Teachers, School Counselors, Therapists, Speech Therapists, Building Substitutes, College & Career Counselors, Instructional Coaches, Science Coaches, Residency/Induction Coaches, Special Ed Coordinators, School Testing Coordinators, Speech/Language Pathologists, School Psychologists, Partners in Wellness Project Manager and School Nurses employed by the Employers at their Allegheny County, Pennsylvania, facilities; excluding all office clerical employees and guards, managerial employees and supervisors as defined in the Act, and all other employees.","VOTING GROUP - UNIT B (NON-PROFESSIONAL UNIT):
All full-time and regular instructional support employees, including Scholar Support Specialists, Literacy Instructional Specialists, Math Instructional Specialists, Creative Arts Advisors, and Staff Nurses employed by the Employers at their Allegheny County, Pennsylvania, facilities; excluding all office clerical employees and guards, professional and managerial employees and supervisors as defined in the Act, and all other employees.","VOTING GROUP - UNIT B (NON-PROFESSIONAL UNIT):
All full-time and regular instructional support employees, including Scholar Support Specialists, Literacy Instructional Specialists, Math Instructional Specialists, Creative Arts Advisors, and Staff Nurses employed by the Employers at their Allegheny County, Pennsylvania, facilities; excluding all office clerical employees and guards, professional and managerial employees and supervisors as defined in the Act, and all other employees.","VOTING GROUP - UNIT B (NON-PROFESSIONAL UNIT):
All full-time and regular instructional support employees, including Scholar Support Specialists, Literacy Instructional Specialists, Math Instructional Specialists, Creative Arts Advisors, and Staff Nurses employed by the Employers at their Allegheny County, Pennsylvania, facilities; excluding all office clerical employees and guards, professional and managerial employees and supervisors as defined in the Act, and all other employees.",56,2021-04-01,2021-01-01,"101-500",TRUE,"RC","Yes","Propel Charter School Education Association, PSEA/NEA",1,"NEA",0.742138364779874,"Yes",118
"04-RC-272006","Region 04, Philadelphia, Pennsylvania","21st Century Cyber Charter School",2021-01-29,2021-09-08,"West Chester","PA","A",2021-08-25,88,NA,"21ST CENTURY CYBER EDUCATION ASSOCIATION, PSEA/NEA",76,NA,NA,NA,NA,4,80,NA,NA,NA,"21ST CENTURY CYBER EDUCATION ASSOCIATION, PSEA/NEA","Initial","Single Labor Organization","Certific. of Representative","Closed","Included: All full-time and regular part-time teachers, lead teachers, long-term substitute teachers, counselors, registered nurses, content developers, and ISD technology developers employed by the Employer at its 1245 Wrights Lane, West Chester, PA and 221 Blue Spruce Way, Murrysville, PA facilities.
Excluding:  All office clerical employees, confidential employees, managerial employees, temporary employees, teaching assistants, adjunct teachers, guards and supervisors as defined by the Act.",NA,NA,NA,208,2021-07-01,2021-01-01,"51-100",TRUE,"RC","Yes","21ST CENTURY CYBER EDUCATION ASSOCIATION, PSEA/NEA",1,"NEA",0.95,"Yes",8
"06-RC-256431","Region 06, Pittsburgh, Pennsylvania","The Education Center at the Watson Institute",2020-02-14,2020-03-23,"Sewickley","PA","B",2020-03-11,61,NA,"The Watson Institute Education Association PSEA/NEA",31,NA,NA,NA,NA,29,60,NA,1,NA,"The Watson Institute Education Association PSEA/NEA","Initial","Single Labor Organization","Certific. of Representative","Closed","Unit A:  All full-time and regular part-time instructional employees, including teachers, counselors, registered nurses,  therapists, speech and language pathologists, community specialists and behavioral specialists employed by the Employer at its Sewickley, Pennsylvania, facility; excluding all office clerical employees and guards, managerial employees, first level supervisors and supervisors as defined in the Act.","Unit B.  All full-time and regular part-time aides, behavior assistants and licensed practical nurses employed by the Employer at its Sewickley, Pennsylvania, facility; excluding all office clerical employees and guards, professional and managerial employees, first level supervisors and supervisors as defined in the Act.","Unit B.  All full-time and regular part-time aides, behavior assistants and licensed practical nurses employed by the Employer at its Sewickley, Pennsylvania, facility; excluding all office clerical employees and guards, professional and managerial employees, first level supervisors and supervisors as defined in the Act.","Unit B.  All full-time and regular part-time aides, behavior assistants and licensed practical nurses employed by the Employer at its Sewickley, Pennsylvania, facility; excluding all office clerical employees and guards, professional and managerial employees, first level supervisors and supervisors as defined in the Act.",26,2020-01-01,2020-01-01,"51-100",TRUE,"RC","Yes","The Watson Institute Education Association PSEA/NEA",1,"NEA",0.516666666666667,"Yes",1
"06-RC-256431","Region 06, Pittsburgh, Pennsylvania","The Education Center at the Watson Institute",2020-02-14,2020-03-23,"Sewickley","PA","A",2020-03-11,63,NA,"The Watson Institute Education Association PSEA/NEA",21,NA,NA,NA,NA,41,62,NA,NA,NA,NA,"Initial","Single Labor Organization","Certific. of Representative","Closed","Unit A:  All full-time and regular part-time instructional employees, including teachers, counselors, registered nurses,  therapists, speech and language pathologists, community specialists and behavioral specialists employed by the Employer at its Sewickley, Pennsylvania, facility; excluding all office clerical employees and guards, managerial employees, first level supervisors and supervisors as defined in the Act.","Unit B.  All full-time and regular part-time aides, behavior assistants and licensed practical nurses employed by the Employer at its Sewickley, Pennsylvania, facility; excluding all office clerical employees and guards, professional and managerial employees, first level supervisors and supervisors as defined in the Act.","Unit B.  All full-time and regular part-time aides, behavior assistants and licensed practical nurses employed by the Employer at its Sewickley, Pennsylvania, facility; excluding all office clerical employees and guards, professional and managerial employees, first level supervisors and supervisors as defined in the Act.","Unit B.  All full-time and regular part-time aides, behavior assistants and licensed practical nurses employed by the Employer at its Sewickley, Pennsylvania, facility; excluding all office clerical employees and guards, professional and managerial employees, first level supervisors and supervisors as defined in the Act.",26,2020-01-01,2020-01-01,"51-100",TRUE,"RC","Yes","The Watson Institute Education Association PSEA/NEA",1,"NEA",0.338709677419355,"Yes",1
"04-RC-246600","Region 04, Philadelphia, Pennsylvania","PA Virtual Charter School",2019-08-15,2019-11-07,"King of Prussia","PA","A",2019-10-24,6,NA,"PA Virtual Charter Education Association, PSEA/NEA",5,NA,NA,NA,NA,0,5,NA,NA,NA,"PA Virtual Charter Education Association, PSEA/NEA","Rerun","Single Labor Organization","Certific. of Representative","Closed","INCLUDED:  All full-time and regular part-time Guidance Counselors employed by the Employer through its 630 Park Avenue, King of Prussia, PA facility;

EXCLUDED:  All other employees, non-professional employees, managerial employees, guards and supervisors as defined in the Act.",NA,NA,NA,70,2019-10-01,2019-07-01,"6-10",TRUE,"RC","Yes","PA Virtual Charter Education Association, PSEA/NEA",1,"NEA",1,"Yes",1
"04-RC-246600","Region 04, Philadelphia, Pennsylvania","PA Virtual Charter School",2019-08-15,2019-11-07,"King of Prussia","PA","A",2019-09-16,6,NA,"PA Virtual Charter Education Association, PSEA/NEA",0,NA,NA,NA,NA,0,0,NA,NA,NA,NA,"Initial","Single Labor Organization","Certific. of Representative","Closed","INCLUDED:  All full-time and regular part-time Guidance Counselors employed by the Employer through its 630 Park Avenue, King of Prussia, PA facility;

EXCLUDED:  All other employees, non-professional employees, managerial employees, guards and supervisors as defined in the Act.",NA,NA,NA,32,2019-07-01,2019-07-01,"6-10",FALSE,"RC","Yes","PA Virtual Charter Education Association, PSEA/NEA",1,"NEA",NA,"Yes",6
"06-RC-219348","Region 06, Pittsburgh, Pennsylvania","The Western Pennsylvania School for the Deaf",2018-04-30,2018-05-31,"Pittsburgh","PA","A",2018-05-23,75,2,"Western Pennsylvania School for the Deaf Education Association, PSEA/NEA",24,NA,NA,NA,NA,43,67,NA,2,NA,NA,"Initial","Single Labor Organization","Certification of Results","Closed","Included:  All full time and regular part time professional student services employees, including but not limited to primary and secondary school teachers, early childhood programs teachers,  counselors, occupational, physical and art therapists, nurses, audiologists, speech and language pathologists, reading and behavior specialists, IEP Coordinator, Curriculum Coordinator, Coordinator of Children’s Services, Transition Coordinator, Work Training Coordinator, Interpreter, Media Coordinator and Coordinator of Library Services employed by the Employer at its campus in Pittsburgh, PA.
 
Excluded:  All other employees, including directors, non-professional employees, teacher’s aides, substitute teachers, Library Aide, administrative assistants, Assistant to the CEO/Interpreter, business office employees, institutional advancement office employees, human resources employees, operations department employees except those expressly included, security, residential supervisors, Registrar, Print Production Coordinator, Fleet Coordinator, Coordinator of Plant Operations, managerial employees, confidential employees, and guards and supervisors as defined in the Act.

Others permitted to vote: The parties have agreed that the Nurse Assistant Supervisor (Gina McDonald) and the Coordinator of Interpreting Services (Joan Stone) may vote in the election but their ballots will be challenged since their eligibility has not been resolved.  No decision has been made regarding whether the individuals in these classifications or groups are included in, or excluded from, the bargaining unit.  The eligibility or inclusion of these individuals will be resolved, if necessary, following the election.",NA,NA,NA,23,2018-04-01,2018-04-01,"51-100",TRUE,"RC","Yes","Western Pennsylvania School for the Deaf Education Association, PSEA/NEA",1,"NEA",0.358208955223881,"No",8
"06-RC-213089","Region 06, Pittsburgh, Pennsylvania","KeySource Educational Staffing",2018-01-16,2018-02-15,"East Brady","PA","A",2018-02-07,34,1,"Kiski Area Education Support Professionals No. 2/PSEA, NEA",15,NA,NA,NA,NA,11,26,NA,NA,NA,"Kiski Area Education Support Professionals No. 2/PSEA, NEA","Initial","Single Labor Organization","Certific. of Representative","Closed","All full-time and regular part-time paraprofessional classroom aides, primary classroom assistants and classroom assistants employed by the Employer in the Kiski Area School District; excluding all office clerical employees and guards, managerial employees and supervisors as defined in the Act.",NA,NA,NA,22,2018-01-01,2018-01-01,"26-50",TRUE,"RC","Yes","Kiski Area Education Support Professionals No. 2/PSEA, NEA",1,"NEA",0.576923076923077,"Yes",8
"06-RC-210615","Region 06, Pittsburgh, Pennsylvania","Young Scholars of Western PA Charter School",2017-11-29,2018-01-29,"Baldwin","PA","A",2018-01-19,45,NA,"Young Scholars of Western PA Education Association, PSEA/NEA",27,NA,NA,NA,NA,12,42,NA,3,NA,"Young Scholars of Western PA Education Association, PSEA/NEA","Initial","Single Labor Organization","Certific. of Representative","Closed","All full-time and part-time professional employees including, teachers, assistant teachers, Cluster Coordinators, ESL Coordinator, Title I Coordinator, Behavior Specialist, Counselor, Assistant Counselor, IT Specialist and Nurse employed by the Employer at its Baldwin Township, Pennsylvania facility, excluding the Chief Executive Officer, Principal, Coordinator for Discipline, Supervisor of Curriculum and Instruction, Business Manager, Business Adminstrator, Extended Day Coordinator, teacher aides, substitutes, custodians, office clerical employees, all other employees, and guards and supervisors as defined in the Act.",NA,NA,NA,51,2018-01-01,2017-10-01,"26-50",TRUE,"RC","Yes","Young Scholars of Western PA Education Association, PSEA/NEA",1,"NEA",0.692307692307692,"Yes",6
"08-UD-208658","Region 08, Cleveland, Ohio","Summit Academy Management",2017-10-20,2017-11-24,"YOUNGSTOWN","OH","A",2017-11-14,58,NA,"Summit Academy Youngstown Education Association a/w Ohio Education Association/National Education Association",34,NA,NA,NA,NA,23,57,NA,NA,NA,NA,"Initial","Single Labor Organization","Certification of Results","Closed","All full time and regular part time professional and non-professional instructional and student service employees, including teachers, full-time substitutes, intervention specialists, instructional assistants/instructional aides, martial arts instructors employed by the Employer at Summit Academy – Youngstown, 144 North Schenley Avenue, Youngstown, Ohio and Summit Academy Secondary School – Youngstown, 2800 Shady Run Road, Youngstown, Ohio, but excluding Individualized Education Program (IEP) coordinators, behavioral specialists, coaches, lead intervention specialists, secretaries and facilities employees, confidential employees, managerial employees, guards, and supervisors as defined in the Act.",NA,NA,NA,25,2017-10-01,2017-10-01,"51-100",TRUE,"UD","Yes","Summit Academy Youngstown Education Association a/w Ohio Education Association/National Education Association",1,"NEA",0.596491228070175,"No",1
"01-RC-206195","Region 01, Boston, Massachusetts","Aramark Educational Services, LLC",2017-09-14,2017-10-19,"East Greenwich","RI","A",2017-10-11,14,NA,"National Education Association Rhode Island",6,NA,NA,NA,NA,8,14,NA,NA,NA,"National Education Association Rhode Island","Initial","Single Labor Organization","Certification of Results","Closed","All full-time and regular part-time food service workers, lead food service workers, and drivers employed in the Employer’s East Greenwich, RI Food Service Program, but excluding all other employees, office/clerical employees, managers, guards, and supervisors as defined in the Act.",NA,NA,NA,27,2017-10-01,2017-07-01,"11-25",TRUE,"RC","Yes","National Education Association Rhode Island",1,"NEA",0.428571428571429,"No",0
"06-RC-199377","Region 06, Pittsburgh, Pennsylvania","Montessori Regional Charter School",2017-05-24,2017-06-19,"Erie","PA","A",2017-06-09,33,NA,"Pennsylvania State Education Association, National Education Association",27,NA,NA,NA,NA,1,28,NA,NA,NA,"Pennsylvania State Education Association, National Education Association","Initial","Single Labor Organization","Certific. of Representative","Closed","All full-time and regular part-time teachers, nurses, and professional educators responsible for special education and/or student services employed at all campuses in Erie, Pennsylvania; excluding office clerical employees, managerial employees, guards, supervisors as defined in the Act, and all other employees.",NA,NA,NA,16,2017-04-01,2017-04-01,"26-50",TRUE,"RC","Yes","Pennsylvania State Education Association, National Education Association",1,"NEA",0.964285714285714,"Yes",5
"05-RC-197557","Region 05, Baltimore, Maryland","Vida Charter School",2017-04-26,2017-11-03,"Gettysburg","PA","A",2017-10-25,23,NA,"Vida Education Association & Support Professionals, PSEA/NEA",13,NA,NA,NA,NA,12,25,NA,2,NA,"Vida Education Association & Support Professionals, PSEA/NEA","Initial","Revised Single Labor Org","Certific. of Representative","Closed","VOTING GROUP A — PROFESSIONAL EMPLOYEES
Including all full-time and regular part-time teachers, tutors, ESL/ reading specialists, counselors, and nurses; but excluding the Executive Director, the Executive Assistant, and all non-professional employees, office clerical employees, confidential employees, managerial employees, guards, and supervisors as defined in the Act.

VOTING GROUP B — NON-PROFESSIONAL EMPLOYEES
Including all full-time and regular part-time non-professional employees, including teachers’ assistants; but excluding the Executive Director, the Executive Assistant, and all professional employees, office clerical employees, confidential employees, managerial employees, guards, and supervisors as defined in the Act.


Others permitted to vote:  The parties have agreed that employees in the position of Long-Term Substitute Teacher may vote in the election as part of Group A, but their ballots will be challenged since their eligibility has not been resolved. The parties have agreed that the employee in the position of Office Manager may vote in the election as part of Group B, but her ballot will be challenged since her eligibility has not been resolved.  No decision has been made regarding whether the individuals in the above classifications are included in, or excluded from, the bargaining unit.  The eligibility or inclusion of these individuals will be resolved, if necessary, following the election.",NA,NA,NA,182,2017-10-01,2017-04-01,"11-25",TRUE,"RC","Yes","Vida Education Association & Support Professionals, PSEA/NEA",1,"NEA",0.52,"Yes",-2
"05-RC-197557","Region 05, Baltimore, Maryland","Vida Charter School",2017-04-26,2017-11-03,"Gettysburg","PA","A",2017-05-25,23,NA,"Vida Education Association & Support Professionals, PSEA/NEA",12,NA,NA,NA,NA,11,23,NA,4,"Y",NA,"Initial","Single Labor Organization","Certific. of Representative","Closed","VOTING GROUP A — PROFESSIONAL EMPLOYEES
Including all full-time and regular part-time teachers, tutors, ESL/ reading specialists, counselors, and nurses; but excluding the Executive Director, the Executive Assistant, and all non-professional employees, office clerical employees, confidential employees, managerial employees, guards, and supervisors as defined in the Act.

VOTING GROUP B — NON-PROFESSIONAL EMPLOYEES
Including all full-time and regular part-time non-professional employees, including teachers’ assistants; but excluding the Executive Director, the Executive Assistant, and all professional employees, office clerical employees, confidential employees, managerial employees, guards, and supervisors as defined in the Act.


Others permitted to vote:  The parties have agreed that employees in the position of Long-Term Substitute Teacher may vote in the election as part of Group A, but their ballots will be challenged since their eligibility has not been resolved. The parties have agreed that the employee in the position of Office Manager may vote in the election as part of Group B, but her ballot will be challenged since her eligibility has not been resolved.  No decision has been made regarding whether the individuals in the above classifications are included in, or excluded from, the bargaining unit.  The eligibility or inclusion of these individuals will be resolved, if necessary, following the election.",NA,NA,NA,29,2017-04-01,2017-04-01,"11-25",FALSE,"RC","Yes","Vida Education Association & Support Professionals, PSEA/NEA",1,"NEA",0.521739130434783,"Yes",0
"07-RC-195704","Region 07, Detroit, Michigan","Dean Transportation, Inc.",2017-03-28,2017-04-27,"Grand Rapids","MI","A",2017-04-19,17,NA,"Troy Transportation Association (TTA), Michigan Education Association (MEA), National Education Association (NEA)",8,NA,NA,NA,NA,0,8,NA,NA,NA,"Troy Transportation Association (TTA), Michigan Education Association (MEA), National Education Association (NEA)","Initial","Single Labor Organization","Certification of Results","Closed","All full-time and regular part-time bus attendants and aides employed by the Employer at its Grand Rapids Public Schools Bus Garage facility located at 900 Union Avenue NE, Grand Rapids, Michigan, but excluding professional employees, guards, and supervisors as defined in the Act.",NA,NA,NA,22,2017-04-01,2017-01-01,"11-25",TRUE,"RC","Yes","Troy Transportation Association (TTA), Michigan Education Association (MEA), National Education Association (NEA)",1,"NEA",1,"No",9
"04-RC-179402","Region 04, Philadelphia, Pennsylvania","Agora Cyber Charter School",2016-07-01,2016-09-09,"King Of Prussia","PA","A",2016-08-29,85,4,"21st Century Cyber Education Association, PSEA/NEA",51,NA,NA,NA,NA,11,62,NA,2,NA,"21st Century Cyber Education Association, PSEA/NEA","Initial","Single Labor Organization","Certific. of Representative","Closed","All full-time Family Coaches, Strong Start Coaches (Orientation Advisors), Intervention Specialists, School Psychologists, Student Transition Coordinators, Family Assistance Crisis Counselors, Social Workers And Speech Pathologists employed by the Employer at the Agora Charter Cyber School 

All other employees, including Nurses, Guidance Counselors, K-12 General and Special Education Teachers, K-12 Specialists, K-12 Biology, Math Teacher, Reading Specialists, Special Education Instruction Support Employees, guards, and supervisors, as defined in the Act.",NA,NA,NA,59,2016-07-01,2016-07-01,"51-100",TRUE,"RC","Yes","21st Century Cyber Education Association, PSEA/NEA",1,"NEA",0.82258064516129,"Yes",23
"06-RC-159861","Region 06, Pittsburgh, Pennsylvania","The Pennsylvania Cyber Charter School",2015-09-11,2016-10-19,"Midland","PA","A",2015-11-17,71,1,"PA Cyber Academic Advisors and School Counselors Education Association, PSEA/NEA",41,NA,NA,NA,NA,14,55,NA,NA,NA,"PA Cyber Academic Advisors and School Counselors Education Association, PSEA/NEA","Initial","Single Labor Organization","Certific. of Representative","Closed","All full-time and regular part-time special education teachers and reading specialists employed by the Employer through its Midland, Pennsylvania facility; excluding virtual classroom instructors, nonprofessional employees, managerial employees, guards and supervisors as defined in the Act.",NA,NA,NA,67,2015-10-01,2015-07-01,"51-100",TRUE,"RC","Yes","PA Cyber Academic Advisors and School Counselors Education Association, PSEA/NEA",1,"NEA",0.745454545454545,"Yes",16
"08-RC-153189","Region 08, Cleveland, Ohio","SUMMIT ACADEMY MANAGEMENT",2015-05-29,2015-07-27,"AKRON","OH","C",2015-07-16,76,5,"SUMMIT ACADEMY YOUNGSTOWN EDUCATION ASSOCIATION A/W OHIO EDUCATION ASSOCIATION/NATIONAL EDUCATION ASSOCIATION",31,NA,NA,NA,NA,16,47,NA,10,NA,"SUMMIT ACADEMY YOUNGSTOWN EDUCATION ASSOCIATION A/W OHIO EDUCATION ASSOCIATION/NATIONAL EDUCATION ASSOCIATION","Initial","Single Labor Organization","Certific. of Representative","Closed","All full time and regular part time non-professional instructional and student service employees, including martial arts instructors employed by the Employer at Summit Academy – Youngstown, 144 North Schenley Avenue, Youngstown, Ohio; Summit Academy Secondary School – Youngstown, 2800 Shady Run Road, Youngstown, Ohio; and Summit Academy Secondary School – Youngstown Annex, 1400 Oak Hill Avenue, Youngstown, Ohio, but excluding confidential employees, managerial employees, guards, and supervisors as defined in the Act.","All full time and regular part time professional instructional and student service support employees, including teachers, intervention specialists, and instructional assistants/instructional aides employed by the Employer at Summit Academy – Youngstown, 144 North Schenley Avenue, Youngstown, Ohio; Summit Academy Secondary School – Youngstown, 2800 Shady Run Road, Youngstown, Ohio; and Summit Academy Secondary School – Youngstown Annex, 1400 Oak Hill Avenue, Youngstown, Ohio, but excluding confidential employees, managerial employees, guards, and supervisors as defined in the Act.","All full time and regular part time professional instructional and student service support employees, including teachers, intervention specialists, and instructional assistants/instructional aides employed by the Employer at Summit Academy – Youngstown, 144 North Schenley Avenue, Youngstown, Ohio; Summit Academy Secondary School – Youngstown, 2800 Shady Run Road, Youngstown, Ohio; and Summit Academy Secondary School – Youngstown Annex, 1400 Oak Hill Avenue, Youngstown, Ohio, but excluding confidential employees, managerial employees, guards, and supervisors as defined in the Act.","All full time and regular part time professional instructional and student service support employees, including teachers, intervention specialists, and instructional assistants/instructional aides employed by the Employer at Summit Academy – Youngstown, 144 North Schenley Avenue, Youngstown, Ohio; Summit Academy Secondary School – Youngstown, 2800 Shady Run Road, Youngstown, Ohio; and Summit Academy Secondary School – Youngstown Annex, 1400 Oak Hill Avenue, Youngstown, Ohio, but excluding confidential employees, managerial employees, guards, and supervisors as defined in the Act.",48,2015-07-01,2015-04-01,"51-100",TRUE,"RC","Yes","SUMMIT ACADEMY YOUNGSTOWN EDUCATION ASSOCIATION A/W OHIO EDUCATION ASSOCIATION/NATIONAL EDUCATION ASSOCIATION",1,"NEA",0.659574468085106,"Yes",29
"04-RC-143831","Region 04, Philadelphia, Pennsylvania","The Pennsylvania Virtual Charter School",2015-01-05,2016-09-19,"King of Prussia","PA","A",2016-09-07,83,NA,"PA Virtual Charter Education Association, PSEA/NEA",57,NA,NA,NA,NA,15,72,NA,7,NA,"PA Virtual Charter Education Association, PSEA/NEA","Initial","Single Labor Organization","Certific. of Representative","Closed","INCLUDED:  All full-time and regular part-time K-12 Regular Education Teachers, Special Education Teachers, and Academic Support Teachers employed by the Employer through its 630 Park Avenue, King of Prussia, PA facility.

EXCLUDED:  All non-professional employees, managerial employees, supervisors, and guards as defined in the Act.

VOTING SUBJECT TO CHALLENGE:  Director of Eighth Grade Scholars Program & Experiential Learning Heidi Bazillin, and Academic Program Liaisons Cheryl Clothier, Jennifer Dellapenna, and Shirley Kozan.",NA,NA,NA,611,2016-07-01,2015-01-01,"51-100",TRUE,"RC","Yes","PA Virtual Charter Education Association, PSEA/NEA",1,"NEA",0.791666666666667,"Yes",11
"04-RC-141319","Region 04, Philadelphia, Pennsylvania","Agora Cyber Charter School",2014-11-20,2015-01-22,"Wayne","PA","A",2015-01-12,23,1,"Agora Counselors Association PSEA/NEA",22,NA,NA,NA,NA,1,0,NA,NA,NA,"Agora Counselors Association PSEA/NEA","Initial","Single Labor Organization","Certific. of Representative","Closed","Included:  All full-time and regular part-time guidance counselors employed by the Employer.

Excluded:  All other employees, including teachers, other professional employees, non-professional employees, confidential employees, clerical employees, managerial employees, guards, and supervisors as defined in the Act.",NA,NA,NA,53,2015-01-01,2014-10-01,"11-25",TRUE,"RC","Yes","Agora Counselors Association PSEA/NEA",1,"NEA",NA,"Yes",0
"01-RC-139983","Region 01, Boston, Massachusetts","RHODE ISLAND SCHOOL OF DESIGN",2014-10-31,2014-12-29,"Providence","RI","A",2014-12-16,24,NA,"NATIONAL EDUCATION ASSOCIATION RHODE ISLAND",16,NA,NA,NA,NA,8,24,NA,NA,NA,"NATIONAL EDUCATION ASSOCIATION RHODE ISLAND","Initial","Single Labor Organization","Certific. of Representative","Closed",NA,NA,NA,NA,46,2014-10-01,2014-10-01,"11-25",TRUE,"RC","Yes","NATIONAL EDUCATION ASSOCIATION RHODE ISLAND",1,"NEA",0.666666666666667,"Yes",0
"04-RC-133123","Region 04, Philadelphia, Pennsylvania","I-LEAD Charter School-Reading",2014-07-21,2014-09-03,"Reading","PA","A",2014-08-22,20,NA,"I-LEAD Education Association/PSEA/NEA",18,NA,NA,NA,NA,0,18,NA,NA,NA,"I-LEAD Education Association/PSEA/NEA","Initial","Single Labor Organization","Certific. of Representative","Closed","INCLUDED:  All full-time and regular part-time Learning Facilitators employed by the Employer at 401 Penn Street, Reading, PA.

EXCLUDED: All other employees, managers, non-professional employees, guards and supervisors as defined in the Act.",NA,NA,NA,32,2014-07-01,2014-07-01,"11-25",TRUE,"RC","Yes","I-LEAD Education Association/PSEA/NEA",1,"NEA",1,"Yes",2
"06-RC-120811","Region 06, Pittsburgh, Pennsylvania","The Pennsylvania Cyber Charter School",2014-01-17,2014-04-25,"Midland","PA","A",2014-04-08,115,NA,"PA Cyber School Education Association, PSEA/NEA",71,NA,NA,NA,NA,34,108,NA,3,NA,"PA Cyber School Education Association, PSEA/NEA","Initial","Single Labor Organization","Certific. of Representative","Closed","All full-time and regular part-time virtual classroom instructors employed by the Employer through its Midland, Pennsylvania facility;  excluding nonprofessional employees, managerial employees, guards and supervisors as defined in the Act.",NA,NA,NA,81,2014-04-01,2014-01-01,"101-500",TRUE,"RC","Yes","PA Cyber School Education Association, PSEA/NEA",1,"NEA",0.676190476190476,"Yes",10
"04-RC-103894","Region 04, Philadelphia, Pennsylvania","Pocono Mountain Charter School",2013-04-29,2013-06-14,"Tobyhanna","PA","A",2013-06-05,39,NA,"Pocono Mountain Charter Education Association, PSEA/NEA",35,NA,NA,NA,NA,1,36,NA,NA,NA,"Pocono Mountain Charter Education Association, PSEA/NEA","Initial","Single Labor Organization","Certific. of Representative","Closed","Included: All full-time and regular part time teachers, guidance counselors, nurses, and librarians employed by the Employer at its 1110 Carriage Lane, Tobyhanna, PA facility.

Excluded: All other employees, nonprofessional employees, teachers' aides, instructional support employees, student services employees, facilities personnel, confidential employees, managers, guards and supervisors as defined in the Act.",NA,NA,NA,37,2013-04-01,2013-04-01,"26-50",TRUE,"RC","Yes","Pocono Mountain Charter Education Association, PSEA/NEA",1,"NEA",0.972222222222222,"Yes",3
"01-RC-096463","Region 01, Boston, Massachusetts","Howard Center",2013-01-16,2013-02-26,"Burlington","VT","A",2013-02-14,10,NA,"BAIRD EDUCATION ASSOCIATION A/W VERMONT-NEA",9,NA,NA,NA,NA,1,10,NA,NA,NA,"BAIRD EDUCATION ASSOCIATION A/W VERMONT-NEA","Initial","Single Labor Organization","Certific. of Representative","Closed","Baird Education Association a/w Vermont-NEA
Unit  All full-time and regular part-time classroom teachers, special educators, special subject teachers, and speech and language pathologists employed by the Employer at the Baird School but excluding all other employees, aides, guards, managers and supervisors as defined in the Act.",NA,NA,NA,29,2013-01-01,2013-01-01,"6-10",TRUE,"RC","Yes","BAIRD EDUCATION ASSOCIATION A/W VERMONT-NEA",1,"NEA",0.9,"Yes",0
"13-RC-022025","Region 13, Chicago, Illinois","Saint Xavier University",2011-04-12,2016-09-29,"Chicago","IL","A",2016-09-20,122,2,"St. Xavier University Adjunct Faculty Organization, IEA-NEA",29,NA,NA,NA,NA,25,54,NA,3,NA,"St. Xavier University Adjunct Faculty Organization, IEA-NEA","Initial","Single Labor Organization","Certific. of Representative","Closed","Included:  All part-time faculty employed by the Employer at its campuses presently located at 3700 West 103rd Street, Chicago, Illinois and 18230 Orland Parkway, Orland Park, Illinois, who teach at least three credit hours per semester.

Excluded:  All part-time faculty while teaching coursework in the Pastoral Ministry Institute and members in the School of Nursing, all part-time faculty teaching in the Department of Religious Studies, all music tutors, all student supervisors in the School of Education, independent contractors, confidential employees and managers, office clerical employees and guards, professional employees and supervisors as defined in the Act.",NA,NA,NA,1988,2016-07-01,2011-04-01,"101-500",TRUE,"RC","Yes","St. Xavier University Adjunct Faculty Organization, IEA-NEA",1,"NEA",0.537037037037037,"Yes",68
"13-RC-022017","Region 13, Chicago, Illinois","East-West University",2011-03-23,2011-12-09,"Chicago","IL","A",2011-06-08,90,NA,"Saint Xavier University Adjunct Faculty Organization, IEA-NEA",33,NA,NA,NA,NA,24,57,"N",NA,"N","Saint Xavier University Adjunct Faculty Organization, IEA-NEA","Initial","Single Labor Organization","Certific. of Representative","Closed","Those eligible to vote are all regular part-time faculty employees employed by the Employer at its faculty presently located at 816 S. Michigan Avenue, Chicago, Illinois; excluding all full-time faculty, non teaching staff, office clerical employees, professional employees, managerial employees, guards and supervisors as defined in the Act.",NA,NA,NA,77,2011-04-01,2011-01-01,"51-100",TRUE,"RC","Yes","Saint Xavier University Adjunct Faculty Organization, IEA-NEA",1,"NEA",0.578947368421053,"Yes",33
"01-RC-022510","Region 01, Boston, Massachusetts","Rhode Island School of Design",2010-12-10,2011-01-24,"Providence","RI","A",2011-01-14,20,NA,"NATIONAL EDUCATION ASSOCIATION RHODE ISLAND",11,NA,NA,NA,NA,9,20,"N",NA,"N","NATIONAL EDUCATION ASSOCIATION RHODE ISLAND","Initial","Single Labor Organization","Certific. of Representative","Closed","All full-time and regular part-time building engineers, carpenters, lead carpenters, journeyman electricians, apprentice electricians, lead electricians, HVAC mechanics, painters, lead painters, locksmiths, maintenance techs/buildings, maintenance te",NA,NA,NA,35,2011-01-01,2010-10-01,"11-25",TRUE,"RC","Yes","NATIONAL EDUCATION ASSOCIATION RHODE ISLAND",1,"NEA",0.55,"Yes",0
"01-RC-022506","Region 01, Boston, Massachusetts","Career Systems Development Corporation",2010-11-24,2011-01-14,"Limestone","ME","A",2011-01-05,18,NA,"MAINE EDUCATION ASSOCIATION A/W NATIONAL EDUCATION ASSOCIATION",16,NA,NA,NA,NA,1,17,"N",NA,"N","MAINE EDUCATION ASSOCIATION A/W NATIONAL EDUCATION ASSOCIATION","Initial","Single Labor Organization","Certific. of Representative","Closed","All full-time and regular part-time state-licensed instructors employed by the Employer at its Loring Job Corp Center but excluding all non-licensed instructors, administrators, office clerical, managers, guards, and supervisors as defined in the Act",NA,NA,NA,42,2011-01-01,2010-10-01,"11-25",TRUE,"RC","Yes","MAINE EDUCATION ASSOCIATION A/W NATIONAL EDUCATION ASSOCIATION",1,"NEA",0.941176470588235,"Yes",1
"01-RC-022404","Region 01, Boston, Massachusetts","Trustees of Foxcroft Academy",2009-12-22,2010-06-07,"Foxcroft","ME","A",2010-05-24,35,1,"MAINE EDUCATION ASSOCIATION, A/W NATIONAL EDUCATION ASSOCIATION OF THE UNITED STATES",12,NA,NA,NA,NA,19,31,"N",NA,"N",NA,"Rerun","Single Labor Organization","Certific. of Representative","Closed","All full time and regular part time faculty, Guidance counselor and Librarian employed by the Employer at its 975 West Main Street, Dover-Foxcroft, Maine location, but excluding all nonprofessional employees, Head of School, Associate Head of School,","All full time and regular part time Educational Technicians, Registrar, Assistant Director of Development, Librarian Assistant, Office Manager-Counseling Services, Secretary - Admissions/Boarding, Accounting Assistant, Receptionist and Administrative",NA,NA,153,2010-04-01,2009-10-01,"26-50",TRUE,"RC","Yes","MAINE EDUCATION ASSOCIATION, A/W NATIONAL EDUCATION ASSOCIATION OF THE UNITED STATES",1,"NEA",0.387096774193548,"Yes",4
"01-RC-022404",NA,"Trustees of Foxcroft Academy",2009-12-22,2010-06-07,"Dover-Foxcroft","ME","A",2010-05-24,35,1,"Maine Education Association, a/w National Education Association of the United States",12,NA,NA,NA,NA,19,31,"N",0,"N",NA,"Initial","Revised Single Labor Org","Certific. of Representative","Closed",NA,NA,NA,NA,153,2010-04-01,2009-10-01,"26-50",FALSE,"RC","Yes","Maine Education Association, a/w National Education Association of the United States",1,"NEA",0.387096774193548,"Yes",4
"01-RC-022404","Region 01, Boston, Massachusetts","Trustees of Foxcroft Academy",2009-12-22,2010-06-07,"Foxcroft","ME","B",2010-02-02,13,NA,"MAINE EDUCATION ASSOCIATION, A/W NATIONAL EDUCATION ASSOCIATION OF THE UNITED STATES",8,NA,NA,NA,NA,5,13,"N",NA,"N","MAINE EDUCATION ASSOCIATION, A/W NATIONAL EDUCATION ASSOCIATION OF THE UNITED STATES","Initial","Single Labor Organization","Certific. of Representative","Closed","All full time and regular part time faculty, Guidance counselor and Librarian employed by the Employer at its 975 West Main Street, Dover-Foxcroft, Maine location, but excluding all nonprofessional employees, Head of School, Associate Head of School,","All full time and regular part time Educational Technicians, Registrar, Assistant Director of Development, Librarian Assistant, Office Manager-Counseling Services, Secretary - Admissions/Boarding, Accounting Assistant, Receptionist and Administrative",NA,NA,42,2010-01-01,2009-10-01,"11-25",TRUE,"RC","Yes","MAINE EDUCATION ASSOCIATION, A/W NATIONAL EDUCATION ASSOCIATION OF THE UNITED STATES",1,"NEA",0.615384615384615,"Yes",0
"01-RC-022404","Region 01, Boston, Massachusetts","Trustees of Foxcroft Academy",2009-12-22,2010-06-07,"Foxcroft","ME","A",2010-02-02,35,1,"MAINE EDUCATION ASSOCIATION, A/W NATIONAL EDUCATION ASSOCIATION OF THE UNITED STATES",10,NA,NA,NA,NA,15,25,"N",7,"Y",NA,"Initial","Single Labor Organization","Certific. of Representative","Closed","All full time and regular part time faculty, Guidance counselor and Librarian employed by the Employer at its 975 West Main Street, Dover-Foxcroft, Maine location, but excluding all nonprofessional employees, Head of School, Associate Head of School,","All full time and regular part time Educational Technicians, Registrar, Assistant Director of Development, Librarian Assistant, Office Manager-Counseling Services, Secretary - Admissions/Boarding, Accounting Assistant, Receptionist and Administrative",NA,NA,42,2010-01-01,2009-10-01,"26-50",FALSE,"RC","Yes","MAINE EDUCATION ASSOCIATION, A/W NATIONAL EDUCATION ASSOCIATION OF THE UNITED STATES",1,"NEA",0.4,"Yes",10
"13-RC-021897","Region 13, Chicago, Illinois","Saint Xavier University",2009-12-10,2010-03-04,"Chicago","IL","A",2010-01-21,175,2,"ST. XAVIER UNIVERSITY ADJUNCT FACULTY ORGANIZATION, IEA-NEA",40,NA,NA,NA,NA,54,94,"N",18,"Y",NA,"Initial","Single Labor Organization","Certification of Results","Closed","All part-time faculty members teaching either at the University's Chicago Campus, the Chicago Police Academy, or Orland Park Campus employed by the Employer; but excluding all full-time faculty, faculty teaching on full-time assignment, all instructo",NA,NA,NA,42,2010-01-01,2009-10-01,"101-500",TRUE,"RC","Yes","ST. XAVIER UNIVERSITY ADJUNCT FACULTY ORGANIZATION, IEA-NEA",1,"NEA",0.425531914893617,"No",81
"33-RC-005138","Region 25, Indianapolis, Indiana","Durham School Services",2009-11-06,2009-12-29,"Belvidere","IL","A",2009-12-18,149,NA,"BELVIDERE SCHOOL TRANSPORTATION ASSOCIATION, IEA-NEA",69,NA,NA,NA,NA,70,139,"N",1,"N",NA,"Initial","Single Labor Organization","Certification of Results","Closed","All full-time and regular part-time bus drivers, monitors, on-call drivers, permanent substitute drivers employed by the Employer at its Belvidere, Illinois facility; EXCLUDING managerial employees, lead drivers, trainer supervisor, mechanics, admini",NA,NA,NA,42,2009-10-01,2009-10-01,"101-500",TRUE,"RC","Yes","BELVIDERE SCHOOL TRANSPORTATION ASSOCIATION, IEA-NEA",1,"NEA",0.496402877697842,"No",10
"13-RC-021802","Region 13, Chicago, Illinois","The Illinois Institute of Art, Chicago",2008-10-17,2008-12-17,"Chicago","IL","A",2008-12-05,211,NA,"AI FACULTY UNITED, IEA-NEA",44,NA,NA,NA,NA,158,202,"N",NA,"N",NA,"Initial","Single Labor Organization","Certification of Results","Closed","All full-time, part-time and adjunct faculty teaching at the Employer's Chicago Loop Campus currently located at 180 North Wabash Avenue, Chicago, IL and the Employer's Chicago Mart Campus currently located at 350 North Orleans Street, Chicago IL; but excluding all non-teaching staff, managerial employees, confidential employees, office clerical employees and guards, and supervisors as defined in the Act.",NA,NA,NA,49,2008-10-01,2008-10-01,"101-500",TRUE,"RC","Yes","AI FACULTY UNITED, IEA-NEA",1,"NEA",0.217821782178218,"No",9
"01-RC-022080","Region 01, Boston, Massachusetts","Rhode Island School of Design",2007-01-12,2007-02-27,"Providence","RI","A",2007-02-15,41,NA,"NATIONAL EDUCATION ASSOCIATION RHODE ISLAND",25,NA,NA,NA,NA,12,37,"N",NA,"N","NATIONAL EDUCATION ASSOCIATION RHODE ISLAND","Initial","Single Labor Organization","Certific. of Representative","Closed","All full-time and regular part-time employees employed by Rhode Island School of Design in the following job classifications:  Technical Assistant I, Technical Assistant II, Technical Assistant III, Computer Support Specialist, Computer Support Techn",NA,NA,NA,34,2007-01-01,2007-01-01,"26-50",TRUE,"RC","Yes","NATIONAL EDUCATION ASSOCIATION RHODE ISLAND",1,"NEA",0.675675675675676,"Yes",4
"05-RC-015963",NA,"National Education Health Information Network",2006-03-27,2006-05-30,"Washington","DC","A",2006-05-04,4,0,"National Education Association Staff Organization",3,NA,NA,NA,NA,0,3,"N",0,"N","National Education Association Staff Organization","Initial","Single Labor Organization","Certific. of Representative","Closed","Combined Unit
All full-time and regular part-time coordinators, project managers, associates and all administrative support personnel employed by the Employer at its office located at 1201 16th Street, NW, Washington, DC but excluding  guards and supervisors as defined in the Act.



If a majority of the employees in Voting Group A vote """"Yes"""" to the first question, indicating their wish to be included in a unit with the employees in Voting Group B, they will be so included.  Their votes will then be counted together with the votes of the Voting Group B to decide the representative for the whole group.  If less than a majority of the employees in Voting Group A vote """"Yes"""" to the first question, they will not be included with the employees in Voting Group B.  Their votes on the second question will then be separately counted to decide whether or not they desire to be represented by the National Education Association Staff Organization.",NA,NA,NA,38,2006-04-01,2006-01-01,"<5",TRUE,"RC","Yes","National Education Association Staff Organization",1,"NEA",1,"Yes",1
"05-RC-015963",NA,"National Education Health Information Network",2006-03-27,2006-05-30,"Washington","DC","A",2006-05-04,5,0,"National Education Association Staff Organization",4,NA,NA,NA,NA,0,4,"N",0,"N","National Education Association Staff Organization","Initial","Single Labor Organization","Certific. of Representative","Closed","Combined Unit
All full-time and regular part-time coordinators, project managers, associates and all administrative support personnel employed by the Employer at its office located at 1201 16th Street, NW, Washington, DC but excluding  guards and supervisors as defined in the Act.



If a majority of the employees in Voting Group A vote """"Yes"""" to the first question, indicating their wish to be included in a unit with the employees in Voting Group B, they will be so included.  Their votes will then be counted together with the votes of the Voting Group B to decide the representative for the whole group.  If less than a majority of the employees in Voting Group A vote """"Yes"""" to the first question, they will not be included with the employees in Voting Group B.  Their votes on the second question will then be separately counted to decide whether or not they desire to be represented by the National Education Association Staff Organization.",NA,NA,NA,38,2006-04-01,2006-01-01,"<5",FALSE,"RC","Yes","National Education Association Staff Organization",1,"NEA",1,"Yes",1
"04-RC-021124",NA,"First Student",2006-01-12,2006-03-06,"Kintnersville","PA","A",2006-02-23,55,0,"Palisades ESPA Transportation/PSEA/NEA",22,NA,NA,NA,NA,33,55,"N",0,"N",NA,"Initial","Single Labor Organization","Certification of Results","Closed","All full-time and regular part-time school bus drivers and monitors employed by the Employer at its 22 School Drive, Kintnersville, PA facility.  EXCLUDED:   All other employees, guards and supervisors as defined in the Act.",NA,NA,NA,42,2006-01-01,2006-01-01,"51-100",TRUE,"RC","Yes","Palisades ESPA Transportation/PSEA/NEA",1,"NEA",0.4,"No",0
"01-RC-021930",NA,"Roger Williams University",2005-06-17,2005-08-05,"Bristol","RI","A",2005-07-26,11,0,"National Education Association",9,NA,NA,NA,NA,0,9,"N",0,"N","National Education Association","Initial","Single Labor Organization","Certific. of Representative","Closed","All full-time and regular part-time shuttle drivers employed at the Employer's Ole Old Ferry Road, Bristol, RI facility, but excluding all other employees, casuals, managers and supervisors as defined in the Act.",NA,NA,NA,39,2005-07-01,2005-04-01,"11-25",TRUE,"RC","Yes","National Education Association",1,"NEA",1,"Yes",2
"03-RC-011454",NA,"Woodland Hill Montessori School",2004-07-01,2004-09-29,"North Greenbush","NY","A",2004-09-21,20,1,"National Education Association of New York",8,NA,NA,NA,NA,10,18,"N",0,"N",NA,"Initial","Single Labor Organization","Certification of Results","Closed","All full-time and regular part-time teachers, including all elementary head teachers, primary head teachers, associate teachers, and assistant teachers employed by the Employer at its North Greenbush, New York facility; but excluding all office clerical employees, guards, and all supervisors as defined in the Act.",NA,NA,NA,82,2004-07-01,2004-07-01,"11-25",TRUE,"RC","Yes","National Education Association of New York",1,"NEA",0.444444444444444,"No",2
"01-RC-021248",NA,"The Sawyer School",2000-09-19,2000-11-13,"Warwick and Pawtucket","RI","A",2000-11-01,57,0,"National Education Association Rhode Island",26,NA,NA,NA,NA,29,55,"N",0,"N",NA,"Initial","Single Labor Organization","Certification of Results","Closed",NA,NA,NA,NA,43,2000-10-01,2000-07-01,"51-100",TRUE,"RC","Yes","National Education Association Rhode Island",1,"NEA",0.472727272727273,"No",2
"13-RC-020441",NA,"American Academy of Art, Inc.",2000-09-01,2000-12-15,"Chicago","IL","A",2000-12-01,35,0,"American Academy of Art Employees Association, IEA-NEA",16,NA,NA,NA,NA,16,32,"N",0,"N",NA,"Initial","Revised Single Labor Org","Certification of Results","Closed","All full-time and regular part-time instructors employed by the Employer at its facility currently located at 332 So. Michigan Avenue, Chicago, Illinois,  but excluding all managerial employees, confidential employees, guards, and all other employees and supervisors as defined in the Act.",NA,NA,NA,91,2000-10-01,2000-07-01,"26-50",TRUE,"RC","Yes","American Academy of Art Employees Association, IEA-NEA",1,"NEA",0.5,"No",3
"13-RC-020441",NA,"American Academy of Art, Inc.",2000-09-01,2000-12-15,"Chicago","IL","A",2000-10-19,35,0,"American Academy of Art Employees Association, IEA-NEA",16,NA,NA,NA,NA,15,31,"N",1,"Y",NA,"Initial","Single Labor Organization","Certification of Results","Closed","All full-time and regular part-time instructors employed by the Employer at its facility currently located at 332 So. Michigan Avenue, Chicago, Illinois,  but excluding all managerial employees, confidential employees, guards, and all other employees and supervisors as defined in the Act.",NA,NA,NA,48,2000-10-01,2000-07-01,"26-50",FALSE,"RC","Yes","American Academy of Art Employees Association, IEA-NEA",1,"NEA",0.516129032258065,"No",4
"13-RC-020259",NA,"Roosevelt University",2000-01-07,2000-03-31,"Chicago","IL","A",2000-03-13,321,4,"Roosevelt Adjunct Faculty Organization, IEA-NEA",155,NA,NA,NA,NA,30,185,"N",2,"N","Roosevelt Adjunct Faculty Organization, IEA-NEA","Initial","Single Labor Organization","Certific. of Representative","Closed","All  per-course part-time faculty who either have taught not less than three credit hours in at least three out of the immediately preceding five semesters (exclusive of summer) or have taught in both the current and the immediately preceding semester (exclusive of summer) for a total of at least nine credit hours; excluding  all full-time faculty members, retired full-time faculty members, faculty in the College of the Performing Arts, permanent part-time faculty, graduate students, managers, directors, confidential employees, administrative employees, office clerical employees, guards and supervisors as defined in the Act.",NA,NA,NA,66,2000-01-01,2000-01-01,"101-500",TRUE,"RC","Yes","Roosevelt Adjunct Faculty Organization, IEA-NEA",1,"NEA",0.837837837837838,"Yes",136
"28-RD-000820",NA,"Helweg and Farmer Transportation Co., Inc.",2000-01-03,2000-02-14,"Las Cruces","NM","A",2000-02-04,176,0,"Classified School Employees Council of Las Cruces, AFAt, NEA",110,NA,NA,NA,NA,56,166,"N",0,"N","Classified School Employees Council of Las Cruces, AFAt, NEA","Initial","Single Labor Organization","Certific. of Representative","Closed",NA,NA,NA,NA,32,2000-01-01,2000-01-01,"101-500",TRUE,"RD","Yes","Classified School Employees Council of Las Cruces, AFAt, NEA",1,"NEA",0.662650602409639,"Yes",10
"13-RC-020110",NA,"American Academy of Art",1999-04-20,2000-08-29,"Chicago","IL","A",1999-07-22,67,0,"Illinois Education Association, IEA/NEA",29,NA,NA,NA,NA,29,58,"N",2,"Y",NA,"Initial","Revised Single Labor Org","Withdrawal","Closed","All full-time and regular part-time employees employed by the Employer at its facility currently located at 532 South Michigan Avenue, Chicago, Illinois; excluding all confidential employees, managerial employees, models, and guards and supervisors as defined in the Act.",NA,NA,NA,93,1999-07-01,1999-04-01,"51-100",TRUE,"RC","Yes","Illinois Education Association, IEA/NEA",1,"NEA",0.5,"Other",9
"13-RC-020110",NA,"American Academy of Art",1999-04-20,2000-08-29,"Chicago","IL","A",1999-06-03,67,0,"Illinois Education Association, IEA/NEA",28,NA,NA,NA,NA,24,52,"N",9,"Y",NA,"Initial","Single Labor Organization","Withdrawal","Closed","All full-time and regular part-time employees employed by the Employer at its facility currently located at 532 South Michigan Avenue, Chicago, Illinois; excluding all confidential employees, managerial employees, models, and guards and supervisors as defined in the Act.",NA,NA,NA,44,1999-04-01,1999-04-01,"51-100",FALSE,"RC","Yes","Illinois Education Association, IEA/NEA",1,"NEA",0.538461538461538,"Other",15
