"Name","International","National"
"International Association of Machinists and Aerospace Workers, AFL-CIO","","IAM"
"International Union, Security, Police and Fire Professionals of America \(SPFPA\)","","SPFPA"
"Workers United","","WU"
"INTERNATIONAL ASSOCIATION OF MACHINISTS AND AEROSPACE WORKERS, AFL-CIO","","IAM"
"United Steelworkers of America, AFL-CIO, CLC","","USW"
"United Steelworkers of America, AFL-CIO-CLC","","USW"
"Chicago and Midwest Regional Joint Board, Workers United/SEIU","","WU"
"Communications Workers of America, AFL-CIO","","CWA"
"International Association of Machinists & Aerospace Workers, AFL-CIO","","IAM"
"United Steelworkers of America","","USW"
"INTERNATIONAL UNION, SECURITY, POLICE AND FIRE PROFESSIONALS OF AMERICA \(SPFPA\)","","SPFPA"
"National Union of Healthcare Workers \(NUHW\)","","NUHW"
"Communications Workers of America","","CWA"
"UNITED STEEL, PAPER AND FORESTRY, RUBBER, MANUFACTURING, ENERGY, ALLIED INDUSTRIAL AND SERVICE WORKE","","USW"
"SEIU Healthcare Michigan","","SEIU"
"United Steel, Paper and Forestry, Rubber, Manufacturing, Energy, Allied Industrial and Service Workers International Union, AFL-CIO, CLC","","USW"
"Int'l Union UAW","","UAW"
"Service Employees International Union, United Healthcare Workers - West","","SEIU"
"WORKERS UNITED","","WU"
"International Brotherhood of Teamsters,","","Teamsters"
"Oregon Nurses Association","","AFT"
"Workers United a/w Service Employees International Union","","WU"
"United Steelworkers of America, AFL-CIO","","USW"
"UAW","","UAW"
"Chicago & Midwest Regional Joint Board, Workers United/SEIU","","WU"
"New York State Nurses Association","","NYSNA"
"International Union, United Automobile, Aerospace and Agricultural Implement Workers of America, UAW","","UAW"
"International Union, United Automobile, Aerospace and Agricultural Implement Workers of America \(UAW\), AFL-CIO","","UAW"
"United Steel, Paper and Forestry, Rubber, Manufacturing, Energy, Allied Industrial and Service Workers International Union","","USW"
"International Association of Machinists and Aerospace Workers","","IAM"
"International Union, United Automobile, Aerospace & Agricultural Implement Workers of America, UAW","","UAW"
"Utility Workers Union of America, AFL-CIO","","UWUA"
"California Nurses Association","","NNU"
"Workers United, affiliated with Service Employees International Union","","WU"
"Special & Superior Officers Benevolent Association","","SSOBA"
"SERVICE EMPLOYEES INTERNATIONAL UNION, UNITED HEALTHCARE WORKERS - WEST \(SEIU-UHW\)","","SEIU"
"Minnesota Nurses Association","","NNU"
"Workers United, Southern Regional Joint Board","","WU"
"SEIU Healthcare Pennsylvania","","SEIU"
"IAMAW, AFL-CIO","","IAM"
"Rochester Regional Joint Board, Workers United","","WU"
"Mid-Atlantic Regional Joint Board, Workers United a/w Service Employees International Union","","WU"
"Workers United a/w SEIU","","WU"
"Transport Workers Union of America, AFL-CIO","","TWU"
"International Union, Security, Police & Fire Professionals of America \(SPFPA\)","","SPFPA"
"Union Rights for Security Officers \(URSO\)","","URSO"
"COMMUNICATIONS WORKERS OF AMERICA, AFL-CIO","","CWA"
"National Union of Healthcare Workers","","NUHW"
"United Steel, Paper and Forestry, Rubber, Manufacturing, Energy, Allied & Industrial Service Workers International Union, AFL-CIO, CLC","","USW"
"International Union, Security, Police, and Fire Professionals of America \(SPFPA\)","","SPFPA"
"INTERNATIONAL ASSOCIATION OF MACHINISTS & AEROSPACE WORKERS, AFL-CIO","","IAM"
"IAM","","IAM"
"Pennsylvania Association of Staff Nurses and Allied Professionals","","PASNAP"
"SEIU HEALTHCARE MICHIGAN","","SEIU"
"Service Employees International Union, United Healthcare Workers-West","","SEIU"
"Communications Workers of America, AFL-CIO, CLC","","CWA"
"United Mine Workers of America","","UMWA"
"International Union, UAW","","UAW"
"National Air Traffic Controllers Association, AFL-CIO \(NATCA\)","","NATCA"
"Massachusetts Nurses Association","","NNU"
"USWA","","USW"
"SEIU Healthcare Minnesota and Iowa","","SEIU"
"International Brotherhood of Teamsters","","Teamsters"
"Chicago & Midwest Regional Joint Board, an Affiliate of Workers United SEIU","","WU"
"Service Employees International Union","","SEIU"
"Screen Actors Guild - American Federation of Television and Radio Artists \(SAG-AFTRA\)","","SAG-AFTRA"
"Amalgamated Transit Union","","ATU"
"Service Employees International Union - United Healthcare Workers West","","SEIU"
"UNITED STEEL, PAPER AND FORESTRY, RUBBER, MANUFACTURING, ENERGY, ALLIED INDUSTRIAL AND SERVICE WORKERS INTERNATIONAL UNION, AFL-CIO, CLC","","USW"
"International Alliance of Theatrical Stage Employees","","IATSE"
"Special and Superior Officers Benevolent Association","","SSOBA"
"United Security & Police Officers of America \(USPOA\)","","USPOA"
"SPFPA","","SPFPA"
"Service Employees International Union, L","","SEIU"
"Mid Atlantic Regional Joint Board, Workers United","","WU"
"SEIU Healthcare Pennsylvania, CTW, CLC","","SEIU"
"PROFESSIONAL AIR TRAFFIC CONTROLLERS ORGANIZATION, INC\. \(PATCO\)","","PATCO"
"United Steel, Paper and Forestry, Rubber, Manufacturing, Energy, Allied Industrial and Service Workers International Union, AFL-CIO-CLC","","USW"
"Starbucks Workers United","","WU"
"SEIU United Healthcare Workers-West","","SEIU"
"SEIU Healthcare Michigan, Service Employees International Union, CTW","","SEIU"
"Federal Contract Guards of America","","FCGOA"
"INTERNATIONAL UNION, SECURITY, POLICE, AND FIRE PROFESSIONALS OF AMERICA \(SPFPA\)","","SPFPA"
"INTERNATIONAL ASSOCIATION OF MACHINISTS AND AEROSPACE WORKERS","","IAM"
"IAM & AW, Western Regional Territory","","IAM"
"International Brotherhood of Electrical Workers","","IBEW"
"Communication Workers of America","","CWA"
"International Union, United Automobile, Aerospace and Agricultural Implement Workers of America \(UAW\)","","UAW"
"Chicago & Midwest Regional Joint Board - Workers United/SEIU","","WU"
"SERVICE EMPLOYEES INTERNATIONAL UNION HCMN","","SEIU"
"IAM, AFL-CIO","","IAM"
"Northern Wisconsin Regional Council of Carpenters","","UBC"
"National Association of Broadcast Employees and Technicians - Communications Workers of America, AFL-CIO","","NABET"
"International Association of Bridge, Structural, Ornamental and Reinforcing Iron Workers","","Ironworkers"
"Michigan Nurses Association","","NNU"
"International Union, Security Police and Fire Professionals of America \(SPFPA\)","","SPFPA"
"International Brotherhood of Electrical Workers, AFL-CIO","","IBEW"
"INTERNATIONAL UNION, SECURITY, POLICE AND FIRE PROFESSIONALS OF AMERICA","","SPFPA"
"UNITED ELECTRICAL, RADIO AND MACHINE WORKERS OF AMERICA \(UE\)","","UE"
"New Jersey Building Construction Laborers District Council","","LIUNA"
"United Electrical, Radio and Machine Workers of America \(UE\)","","UE"
"SEIU United Healthcare Workers West","","SEIU"
"WORKERS UNITED A/W SERVICE EMPLOYEES INTERNATIONAL UNION","","WU"
"IATSE","","IATSE"
"International Union, Security, Police and Fire Professionals of America","","SPFPA"
"United Steel, Paper and Forestry, Rubber, Manufacturing, Energy, Allied Industrial and Service Workers International Union \(USW\), AFL-CIO, CLC","","USW"
"UNITED STEELWORKERS","","USW"
"United Government Security Officers of America","","UGSOA"
"Pennsylvania Professional Fire Fighters Association, a/w International Association of Fire Fighters, AFL-CIO","","IAFF"
"Retail, Wholesale and Department Store Union \(RWDSU\), United Food and Commercial Workers","","RWDSU"
"INTERNATIONAL UNION, SECURITY, POLICE & FIRE PROFESSIONALS OF AMERICA \(SPFPA\)","","SPFPA"
"United Steelworkers of America, AFL-CIO-","","USW"
"MASSACHUSETTS NURSES ASSOCIATION","","NNU"
"International Association of Bridge, Structural, Ornamental and Reinforcing Iron Workers, AFL-CIO","","Ironworkers"
"National League of Justice and Security Professionals \(NLJSP\)","","NLJSP"
"International Association of EMT's and Paramedics \(IAEP\)","","NAGE"
"NATIONAL EMERGENCY MEDICAL SERVICES ASSOCIATION","","NEMSA"
"SEIU, SERVICE EMPLOYEES INTERNATIONAL UNION","","SEIU"
"International Association of Machinists","","IAM"
"United Steelworkers of America, AFL-CIO,","","USW"
"Federal Contract Guards of America \(FCGOA\)","","FCGOA"
"Chicago and Midwest Regional Joint Board, Workers United/Service Employees International Union","","WU"
"International Union, United Automobile, Aerospace & Agricultural Implement Workers of America","","UAW"
"SEIU HEALTHCARE MINNESOTA","","SEIU"
"INTERNATIONAL UNION, UNITED AUTOMOBILE, AEROSPACE AND AGRICULTURAL IMPLEMENT WORKERS OF AMERICA, UAW","","UAW"
"United Federation of Special Police and Security Officers, Inc\.","","United Federation LEOS-PBA"
"Professional Air Traffic Controllers Organization, Inc\. \(PATCO\)","","PATCO"
"International Union, United Automobile, Aerospace & Agricultural Implement Workers of America \(UAW\)","","UAW"
"Industrial Workers of the World","","IWW"
"SERVICE EMPLOYEES INTERNATIONAL UNION HEALTHCARE PENNSYLVANIA","","SEIU"
"SERVICE EMPLOYEES INTERNATIONAL UNION","","SEIU"
"NEW YORK STATE NURSES ASSOCIATION","","NYSNA"
"International Brotherhood of Teamsters L","","Teamsters"
"United Food and Commercial Workers District Union Local One","","UFCW"
"SEIU Healthcare Minnesota & Iowa","","SEIU"
"Service Employees International Union \(SEIU\) Healthcare Illinois & Indiana","","SEIU"
"Western States Regional Joint Board, Workers United","","WU"
"United Nurses and Allied Professionals","","UNAP"
"International Alliance of Theatrical Stage Employees \(IATSE\)","","IATSE"
"United Steel, Paper and Forestry, Rubber, Manufacturing, Energy, Allied Industrial and Service Workers International Union, AFL-CIO","","USW"
"American Postal Workers Union, AFL-CIO","","APWU"
"International Union of Operating Engineers","","IUOE"
"United Steel, Paper and Forestry, Rubber, Manufacturing, Energy, Allied-Industrial and Service Workers International Union, AFL-CIO/CLC","","USW"
"UTILITY WORKERS UNION OF AMERICA, AFL-CIO","","UWUA"
"International Association of Machinists and Aerospace Workers, AFL-CIO \(IAM\)","","IAM"
"UNITED STEEL, PAPER AND FORESTRY, RUBBER, MANUFACTURING, ENERGY, ALLIED INDUSTRIAL AND SERVICE WORKERS INTERNATIONAL UNION, AFL-CIO-CLC","","USW"
"United Steelworkers","","USW"
"National Nurses Organizing Committee","","NNU"
"UNITED GOVERNMENT SECURITY OFFICERS OF AMERICA, INTERNATIONAL UNION","","UGSOA"
"National Union of Healthcare Workers \[NUHW\]","","NUHW"
"UNITED STEELWORKERS OF AMERICA","","USW"
"NEW ENGLAND COALITION OF PUBLIC SAFETY","","ACOPS"
"CWA","","CWA"
"SERVICE WORKERS UNITED","","WU"
"Transport Workers Union of America","","TWU"
"United Mine Workers of America, AFL-CIO","","UMWA"
"United States Court Security Officers","","USCSO"
"SEIU Healthcare Illinois & Indiana","","SEIU"
"Philadelphia Joint Board, Workers United a/w SEIU","","WU"
"United Federation LEOS-PBA Law Enforcement Officers Security & Police Benevolent Association","","United Federation LEOS-PBA"
"Pennsylvania Association of Staff Nurses and Allied Professionals \(PASNAP\)","","PASNAP"
"Communication Workers of America, AFL-CIO","","CWA"
"National League of Justice and Security Professionals","","NLJSP"
"SPECIAL AND SUPERIOR OFFICERS BENEVOLENT ASSOCIATION","","SSOBA"
"United Government Security Officers of America, International Union","","UGSOA"
"INTERNATIONAL BROTHERHOOD OF TEAMSTERS","","Teamsters"
"UNITED FEDERATION OF SPECIAL POLICE AND SECURITY OFFICERS, INC\.","","United Federation LEOS-PBA"
"UNITED STEEL, PAPER & FORESTRY, RUBBER, MANUFACTURING, ENERGY, ALLIED INDUSTRIAL & SERVICE WORKERS I","","USW"
"United Steelworkers of America AFL-CIO-CLC","","USW"
"California Federation of Teachers","","AFT"
"Retail, Wholesale and Department Store Union","","RWDSU"
"Workers United/SEIU","","WU"
"United Steel, Paper and Forestry, Rubber, Manufacturing, Energy, Allied Industrial and Service Workers International Union, AFL-CIO/CLC","","USW"
"International Association of EMTs and Paramedics","","NAGE"
"National Air Traffic Controllers Association \(NATCA\)","","NATCA"
"COMMUNICATIONS WORKERS OF AMERICA","","CWA"
"Pacific Northwest Regional Council of Carpenters","","UBC"
"NATIONAL UNION OF HEALTHCARE WORKERS \(NUHW\)","","NUHW"
"International Association of EMTs and Paramedics \(IAEP\)","","NAGE"
"Professional Air Traffic Controllers Organization","","PATCO"
"UNITED STEEL, PAPER AND FORESTRY, RUBBER, MANUFACTURING, ENERGY, ALLIED INDUSTRIAL AND SERVICE WORKERS INTERNATIONAL UNION \(USW\)","","USW"
"International Union, United Automobile, Aerospace & Agricultural Implement Workers of America - UAW","","UAW"
"American Federation of Teachers","","AFT"
"SPECIAL & SUPERIOR OFFICERS BENEVOLENT ASSOCIATION","","SSOBA"
"UNITED STEEL, PAPER & FORESTRY, RUBBER, MANUFACTURING, ENERGY, ALLIED INDUSTRIAL AND SERVICE WORKERS","","USW"
"UNITED GOVERNMENT SECURITY OFFICERS OF AMERICA","","UGSOA"
"INTERNATIONAL ALLIANCE OF THEATRICAL STAGE EMPLOYEES, MOVING PICTURE TECHNICIANS, ARTISTS AND ALLIED","","IATSE"
"CALIFORNIA NURSES ASSOCIATION/NATIONAL NURSES ORGANIZING COMMITTE, NATIONAL NURSES UNITED, AFL-CIO","","NNU"
"INTERNATIONAL UNION, UNITED AUTOMOBILE, AEROSPACE & AGRICULTURAL IMPLEMENT WORKERS OF AMERICA, UAW","","UAW"
"UNITED STEEL, PAPER & FORESTRY, RUBBER, MANUFACTURING, ENERGY, ALLIED-INDUSTRIAL & SERVICE WORKERS I","","USW"
"United Steelworkers of America AFL-CIO, CLC","","USW"
"Service Employees International Union, Florida Healthcare Union","","SEIU"
"Union de Trabajadores de las Comunicaciones, CWA, AFL-CIO","","CWA"
"The Pharmacy Guild, affiliated with the International Association of Machinists and Aerospace Workers, AFL-CIO","","IAM"
"Service Employees International Union – United Healthcare Workers West","","SEIU"
"Workers United Southern Regional Joint Board","","WU"
"SERVICE EMPLOYEES INTERNATIONAL UNION, UNITED HEALTHCARE WORKERS - WEST","","SEIU"
"TRANSPORT WORKERS UNION OF AMERICA, AFL-CIO","","TWU"
"Law Enforcement Officers Security Unions LEOSU, LEOS-PBA","","United Federation LEOS-PBA"
"Retail Wholesale and Department Store Union \(RWDSU\)","","RWDSU"
"International Longshore and Warehouse Union","","ILWU"
"International Union, Security, Police and Fire Professionals of America, \(SPFPA\)","","SPFPA"
"COMMUNICATION WORKERS OF AMERICA","","CWA"
"CALIFORNIA NURSES ASSOCIATION/NATIONAL NURSES UNITED \(CNA/NNU\)","","NNU"
"Service Employees International Union United Long Term Care Workers","","SEIU"
"UNITED FEDERATION OF SPECIAL POLICE & SECURITY OFFICERS, INC\.","","United Federation LEOS-PBA"
"International Union, Security, Police, and Fire Professionals of America","","SPFPA"
"SEIU UNITED HEALTHCARE WORKERS - WEST","","SEIU"
"INTERNATIONAL BROTHERHOOD OF BOILERMAKERS, IRON SHIP BUILDERS, BLACKSMITHS, FORGERS AND HELPERS, AFL","","IBB"
"UNITED MINE WORKERS OF AMERICA, AFL-CIO","","UMWA"
"UNITED STATES COURT SECURITY OFFICERS","","USCSO"
"United Brotherhood of Carpenters & Joiners of America","","UBC"
"International Union, Security, Police, Fire Professionals of America \(SPFPA\)","","SPFPA"
"United Food & Commercial Workers Int'l Union","","UFCW"
"International Union, United Automobile, Aerospace and Agricultural Implement Workers of America","","UAW"
"Union of American Physicians and Dentists","","UAPD"
"International Association of EMT's and Paramedics","","NAGE"
"Workers United, affiliated with Service Employees International Union \(SEIU\)","","WU"
"SEIU Healthcare Illinois and Indiana","","SEIU"
"Philadelphia Joint Board, Workers United","","WU"
"National Air Traffic Controllers Association AFL-CIO","","NATCA"
"Chicago and Midwest Regional Joint Board, Workers United / SEIU","","WU"
"SEIU United Healthcare Workers - West","","SEIU"
"SEIU Healthcare Minnesota","","SEIU"
"INTERNATIONAL BROTHERHOOD OF BOILERMAKERS, IRON SHIP BUILDERS, BLACKSMITHS, FORGERS AND HELPERS, AFL-CIO,CLC","","IBB"
"United Food and Commercial Workers International Union","","UFCW"
"NATIONAL UNION OF HEALTHCARE WORKERS","","NUHW"
"International Longshoremen's Association","","ILA"
"SERVICE EMPLOYEES INTERNATIONAL UNION, UNITED HEALTHCARE WORKERS-WEST \(SEIU-UHW\)","","SEIU"
"Southwest Regional Council of Carpenters","","UBC"
"United Steel, Paper and Forestry, Rubber, Manufacturing, Energy, Allied-Industrial and Service Workers International Union \(USW\), AFL-CIO-CLC","","USW"
"MINNESOTA NURSES ASSOCIATION","","NNU"
"Indiana/Kentucky/Ohio Regional Council of Carpenters","","UBC"
"Carpenters Industrial Council","","UBC"
"United Steel, Paper & Forestry, Rubber, Manufacturing, Energy, Allied Industrial & Service Workers International Union \(USW\), AFL-CIO-CLC","","USW"
"INTERNATIONAL ASSOCIATION OF SHEET METAL, AIR, RAIL AND TRANSPORTATION WORKERS \(SMART\)","","SMART"
"Laborers' International Union of North America","","LIUNA"
"United Federation of Special Police & Security Officers, Inc\.","","United Federation LEOS-PBA"
"Office and Professional Employees International Union","","OPEIU"
"Service Employees International Union, SEIU Healthcare Pennsylvania","","SEIU"
"UNITED SECURITY & POLICE OFFICERS OF AMERICA","","USPOA"
"SERVICE EMPLOYEES INTERNATIONAL UNION, CTW, CLC","","SEIU"
"WASHINGTON AND NORTHERN IDAHO DISTRICT COUNCIL OF LABORERS","","LIUNA"
"UFCW","","UFCW"
"INTERNATIONAL UNION SECURITY POLICE AND FIRE PROFESSIONALS OF AMERICA \(SPFPA\)","","SPFPA"
"OREGON NURSES ASSOCIATION","","AFT"
"NATIONAL EMERGENCY MEDICAL SERVICES ASSOCIATION \(NEMSA OR NATIONAL EMS ASSOCIATION\)","","NEMSA"
"UNITED FOOD AND COMMERCIAL WORKERS DISTRICT UNION LOCAL ONE","","UFCW"
"United Steel Workers of America","","USW"
"Service Employees International Union, AFL-CIO, CLC","","SEIU"
"United Food and Commercial Workers Union","","UFCW"
"International Brotherhood of Teamsters, AFL-CIO","","Teamsters"
"United Food and Commercial Workers, Loca","","UFCW"
"Workers United, affiliated with Service Employees International Union, AFL-CIO","","WU"
"International Brotherhood of Boilermakers, Iron Ship Builders, Blacksmiths, Forgers and Helpers","","IBB"
"International Association of Fire Fighters","","IAFF"
"Retail, Wholesale & Department Store Union, Southeast Council","","RWDSU"
"Pharmacy Workers United","","WU"
"RESTAURANT WORKERS UNITED","","WU"
"International Union of Elevator Constructors, AFL-CIO","","IUEC"
"AMALGAMATED TRANSIT UNION","","ATU"
"Association of Western Pulp and Paper Workers","","AWPPU"
"Law Enforcement Officers Security Unions \(LEOSU\)","","United Federation LEOS-PBA"
"The NewsGuild - Communications Workers of America, AFL-CIO","","NewsGuild"
"United Automobile, Aerospace and Agricultural Implement Workers of America, UAW","","UAW"
"United Government Security Officers of America International Union","","UGSOA"
"SEIU-UHW, UNITED HEALTHCARE WORKERS WEST","","SEIU"
"United Electrical Radio and Machine Workers of America \(UE\)","","UE"
"SEIU-United Healthcare West","","SEIU"
"THE MINNESOTA NURSES ASSOCIATION","","NNU"
"LABORERS","","LIUNA"
"UNITED MINE WORKERS OF AMERICA","","UMWA"
"United Steel, Paper and Forestry, Rubber, Manufacturing, Energy, Allied, Industrial and Service Workers International Union, AFL-CIO-CLC","","USW"
"United Electrical, Radio & Machine Workers of America \(UE\)","","UE"
"Amalgamated Transit Union, AFL-CIO","","ATU"
"International Union, United Automobile, Aerospace, Agricultural Implement Workers of America, UAW","","UAW"
"Rhode Island Laborers' District Council","","LIUNA"
"International Association of EMTs and Paramedics, SEIU/NAGE, AFL-CIO","","NAGE"
"Screen Actors Guild - American Federation of Television and Radio Artists","","SAG-AFTRA"
"COMMUNICATION WORKERS OF AMERICA, AFL-CIO","","CWA"
"New England Joint Board, UNITE HERE","","UNITE HERE"
"International Union, United Automobile, Aerospace and Agricultural Implement Workers of America, AFL-CIO","","UAW"
"Local Joint Executive Board of Las Vegas a/w UNITE HERE International Union","","UNITE HERE"
"Industrial Workers of the World - Portland Chapter d/b/a Burgerville Workers Union","","IWW"
"United Steel, Paper & Forestry, Rubber, Manufacturing, Energy, Allied Industrial & Service Workers International Union, AFL-CIO, CLC","","USW"
"Starbucks Workers United, affiliated with SEIU","","WU"
"Union of American Physicians & Dentists \(UAPD\)","","UAPD"
"United Federation LEOS-PBA","","United Federation LEOS-PBA"
"Brattleboro Healthcare United, AFT-VT, AFT, AFL-CIO","","AFT"
"The Pharmacy Guild a/w International Association of Machinists & Aerospace Workers, AFL-CIO","","IAM"
"Mid-Atlantic Regional Joint Board Workers United SEIU","","WU"
"INTERNATIONAL BROTHERHOOD OF ELECTRICAL WORKERS, AFL-CIO","","IBEW"
"Committee of Interns and Residents, SEIU","","SEIU"
"Retail Wholesale and Department Store Union","","RWDSU"
"Service Employees International Union HCII, Missouri/Kansas Division","","SEIU"
"California Nurses Association \(CNA\)","","NNU"
"UNITED STEEL, PAPER AND FORESTRY, RUBBER, MANUFACTURING, ENERGY, ALLIED INDUSTRIAL AND SERVICE WORKERS INTERNATIONAL UNION","","USW"
"Industrial Workers of the World \(IWW\)","","IWW"
"WORKERS UNITED, A/W SEIU","","WU"
"The NewsGuild- Communication Workers of America, AFL-CIO","","NewsGuild"
"United Automobile, Aerospace and Agricultural Implement Workers of America","","UAW"
"Bakery, Confectionery, Tobacco Workers and Grain Millers International Union, AFL-CIO, CLC","","BCTGM"
"United Steel, Paper & Forestry, Rubber, Manufacturing, Energy, Allied Industrial and Service Workers International Union, AFL-CIO, CLC","","USW"
"International Union, Security Police & Fire Professionals of America \(SPFPA\)","","SPFPA"
"PROFESSIONAL AIR TRAFFIC CONTROLLERS ORGANIZATION, INC\.","","PATCO"
"Washington & Northern Idaho District Council of Laborers","","LIUNA"
"AFT CONNECTICUT","","AFT"
"Law Enforcement Officers Security Unions LEOSU-DC, LEOS-PBA","","United Federation LEOS-PBA"
"CARPENTERS INDUSTRIAL COUNCIL","","UBC"
"Oregon and Southern Idaho District Council of Laborers, affiliated with Laborers' International Union of North America, AFL-CIO","","LIUNA"
"United Steelworkers International Union","","USW"
"Service Employees International Union Healthcare Pennsylvania","","SEIU"
"United Steel Workers","","USW"
"IAM&AW","","IAM"
"NNOC-TEXAS/NNU","","NNU"
"SOUTHWEST REGIONAL COUNCIL OF CARPENTERS","","UBC"
"IAMAW","","IAM"
"United Mine Workers of America, AFL-CIO, CLC","","UMWA"
"IAM MIDWEST TERRITORY","","IAM"
"INT'L UNION UAW","","UAW"
"SERVICE EMPLOYEES INTERNATIONAL UNION \(SEIU\)","","SEIU"
"INTERNATIONAL UNION, UNITED AUTOMOBILE, AEROSPACE AND AGRICULTURAL IMPLEMENT WORKERS OF AMERICA \(UAW","","UAW"
"UNITED BROTHERHOOD OF CARPENTERS & JOINERS OF AMERICA","","UBC"
"PATCO","","PATCO"
"United Steelworkers of America, AFL-CIO/CLC","","USW"
"New York City District Council of Carpenters","","UBC"
"Sheetmetal Workers International Association","","SMART"
"Service Employees Int'l\. Union, Western Region Office, SEIU","","SEIU"
"Communications Workers of America, Local","","CWA"
"Sheet Metal Workers International Associ","","SMART"
"International Brotherhood of Boilermakers, Iron Ship Builders, Blacksmith, Forgers and Helpers","","IBB"
"SEIU Wisconsin","","SEIU"
"Workers United a/w Service Employees International Union, AFL-CIO","","WU"
"Workers United, a/w Service Employees International Union, AFL-CIO","","WU"
"Union of American Physicians & Dentists","","UAPD"
"International Union, United Automobile Aerospace and Agricultural Implement Workers of America \(UAW\), AFL-CIO","","UAW"
"Health Professionals and Allied Employees, AFT/AFL-CIO","","AFT"
"Eastern Atlantic States Regional Council of Carpenters","","UBC"
"UNITED NURSES AND ALLIED PROFESSIONALS","","UNAP"
"National Association of Broadcast Employees & Technicians, the Broadcasting and Cable Television Workers Sector of the Communications Workers of America, AFL-CIO-CLC","","NABET"
"New York Metropolitan Area Joint Board Workers United, SEIU","","WU"
"International Association of Machinists & Aerospace Workers","","IAM"
"Washington and Northern Idaho District Council of Laborers","","LIUNA"
"International Brotherhood of Boilermakers, Iron Ship Builders, Blacksmiths, Forgers and Helpers, AFL-CIO","","IBB"
"International Union of Operating Engineers, AFL-CIO","","IUOE"
"Service Employees International Union - United Healthcare Workers - West","","SEIU"
"The International Alliance of Theatrical Stage Employees, Moving Picture Technicians, Artists and Allied Crafts of the United States, its Territories and Canada","","IATSE"
"United Auto Workers","","UAW"
"International Alliance of Theatrical Stage Employees, Moving Picture Technicians, Artists and Allied Crafts of the United States, its Territories and Canada, AFL-CIO, CLC","","IATSE"
"United Automobile, Aerospace & Agricultural Implement Workers of America, UAW","","UAW"
"Professional Air Traffic Controllers Organization, Inc\.","","PATCO"
"United Automobile, Aerospace and Agricultural Implement Workers of America \(UAW\)","","UAW"
"National Association of Broadcast Employees & Technicians","","NABET"
"National Nurses Organizing Committee \(NNOC\) -Missouri & Kansas/National Nurses United","","NNU"
"Connecticut Health Care Associates, NUHHCE, AFSCME, AFL-CIO","","AFSCME"
"SERVICE EMPLOYEES INTERNATIONAL UNION, UNITED HEALTHCARE WORKERS-WEST","","SEIU"
"Communications Workers of America AFL-CIO","","CWA"
"New Jersey Building Laborers District Council","","LIUNA"
"IUE-CWA","","CWA"
"International Longshore & Warehouse Union","","ILWU"
"California Nurses Association, Legal Department","","NNU"
"Retail, Wholesale Department Store Union/UFCW Southeast Council","","UFCW"
"INTERNATIONAL UNION OF OPERATING ENGINEERS","","IUOE"
"UNITED AUTOMOBILE, AEROSPACE & AGRICULTURAL IMPLEMENT WORKERS OF AMERICA, UAW","","UAW"
"UNITED GOVERNMENT SECURITY OFFICERS OF AMERICA INTERNATIONAL UNION","","UGSOA"
"International Association of Sheet Metal, Air, Rail & Transportation Workers, AFL-CIO","","SMART"
"International Association of Sheet Metal, Air, Rail and Transportation Workers \(SMART\)","","SMART"
"UNITED ELECTRICAL RADIO AND MACHINE WORKERS OF AMERICA \(UE\)","","UE"
"International Chemical Workers Union Council \(ICWUC\)/UFCW","","UFCW"
"Southern California District Council of Laborers","","LIUNA"
"UNITED STEELWORKERS INTERNATIONAL UNION","","USW"
"SERVICE EMPLOYEES INTERNATIONAL UNION-UNITED HEALTHCARE WORKERS - WEST","","SEIU"
"National Emergency Medical Services Association \(NEMSA\)","","NEMSA"
"INTERNATIONAL UNION, UNITED AUTOMOBILE, AEROSPACE & AGRICULTURAL IMPLEMENT WORKERS OF AMERICA, AFL-C","","UAW"
"United Food and Commercial Workers International Union, District Union Local One","","UFCW"
"INTERNATIONAL UNION, SECURITY POLICE AND FIRE PROFESSIONALS OF AMERICA \(SPFPA\)","","SPFPA"
"INTERNATIONAL CHEMICAL WORKERS UNION COUNCIL/UFCW","","UFCW"
"UNITED STEELWORKERS OF AMERICA, AFL-CIO-CLC","","USW"
"UNITED STEEL, PAPER AND FORESTRY, RUBBER, MANUFACTURING, ENERGY, ALLIED INDUSTRIAL & SERVICE WORKERS","","USW"
"Laborers","","LIUNA"
"UNITED ASSOCIATION OF JOURNEYMEN AND APPRENTICES OF THE PLUMBING AND PIPE FITTING INDUSTRY OF THE UN","","UA"
"UNITED STEEL, PAPER AND FORESTRY, RUBBER, MANUFACTURING, ENERGY, ALLIED, INDUSTRIAL AND SERVICE WORK","","USW"
"SEIU, Service Employees International Union","","SEIU"
"INTERNATIONAL BROTHERHOOD OF TEAMSTERS, CHAUFFEURS, WAREHOUSEMEN AND HELPERS OF AMERICA, LOCAL UNION","","Teamsters"
"INTERNATIONAL ALLIANCE OF THEATRICAL STAGE EMPLOYEES, MOVING PICTURE TECHNICIANS, ARTISTS & ALLIED C","","IATSE"
"UNITED STEELWORKERS, AFL-CIO, CLC","","USW"
"INTERNATIONAL UNION, UAW","","UAW"
"SEIU Florida Healthcare Union","","SEIU"
"International Union of Elevator Constructors","","IUEC"
"IAM, Grand Lodge","","IAM"
"Service Employees International Union, AFL-CIO","","SEIU"
"National Association of Broadcast Employees and Technicians-CWA, AFL-CIO","","NABET"
"International Union United Automobile Aerospace & Agricultural Implement Workers of America UAW","","UAW"
"United Steelworkers of America, AFL-CIO-CLC \(Puerto Rico\)","","USW"
"United Steelworkers of America AFL-CIO,","","USW"
"International Union Security Police and Fire Professionals of America \(SPFPA\)","","SPFPA"
"International Alliance of Theatrical Stage Employees, Moving Picture Technicians, Artists and Allied Crafts of the United States, its Territories, and Canada \(IATSE\)","","IATSE"
"INTERNATIONAL UNION, UNITED AUTOMOBILE, AEROSPACE AND AGRICULTURAL IMPLEMENT WORKERS OF AMERICA \(UAW\)","","UAW"
"International Union Security, Police and Fire Professionals of America \(SPFPA\)","","SPFPA"
"Washington State Nurses Association, affiliated with the American Federation of Teachers","","AFT"
"International Union, United Auto Workers","","UAW"
"North Central States Regional Council of Carpenters","","UBC"
"Utility Workers Union of America","","UWUA"
"Oregon Nurses Association, affiliated with American Federation of Teachers","","AFT"
"SEIU Healthcare Illinois Indiana","","SEIU"
"SEIU United Healthcare Workers-West, CLC","","SEIU"
"Service Employees International Union United Healthcare Workers - West","","SEIU"
"The New York State Nurses Association","","NYSNA"
"The NewsGuild-CWA","","NewsGuild"
"Doughnut Workers United","","WU"
"National Nurses Organizing Committee-Missouri/National Nurses United \(NNOC-MO/NNU\)","","NNU"
"Industrial Workers of the World, San Francisco Bay Area Branch","","IWW"
"FEDERAL CONTRACT GUARDS OF AMERICA \(FCGOA\)","","FCGOA"
"Chicago and Midwest Regional Joint Board, Workers United affiliated with Service Employees International Union","","WU"
"NATIONAL NURSES ORGANIZING COMMITTEE \(NNOC\) - TEXAS/NNU","","NNU"
"International Organization of Masters Mates & Pilots, ILA/AFL-CIO","","ILA"
"District Council of Iron Workers of the State of California and Vicinity, International Association of Bridge, Structural, Ornamental and Reinforcing Iron Workers","","Ironworkers"
"Chicago and Midwest Regional Joint Board, Workers United, affiliated with SEIU","","WU"
"United Electrical, Radio, and Machine Workers of America","","UE"
"SOUTHWEST REGIONAL COUNCIL OF CARPENTERS, UNITED BROTHERHOOD OF CARPENTERS AND JOINERS OF AMERICA","","UBC"
"United Steel, Paper and Forestry, Rubber, Manufacturing, Energy, Allied Industrial and Service Workers International Union, AFL-CIO/CLC \(United Steelworkers\)","","USW"
"United Steel, Paper & Forestry, Rubber, Manufacturing, Energy, Allied-Industrial & Service Workers International Union, AFL-CIO","","USW"
"S\.E\.I\.U\. Healthcare Pennsylvania, CTW, CLC","","SEIU"
"SEIU Healthcare MO-KS, a Division of SEIU Healthcare Illinois Indiana","","SEIU"
"International Brotherhood of Boilermakers","","IBB"
"SERVICE EMPLOYEES INTERNATIONAL UNION - UNITED HEALTHCARE WORKERS WEST","","SEIU"
"UNITED STEEL, PAPER AND FORESTRY, RUBBER, MANUFACTURING, ENERGY, ALLIED INDUSTRY AND SERVICE WORKERS INTERNATIONAL UNION, AFL-CIO","","USW"
"United Food & Commercial Workers Union Local One","","UFCW"
"Service Employees International Union, United Healthcare Workers \[UHW\]","","SEIU"
"CALIFORNIA NURSES ASSOCIATION/NATIONAL NURSES ORGANIZING COMMITTEE \(CNA/NNOC\)","","NNU"
"SCREEN ACTORS GUILD-AMERICAN FEDERATION OF TELEVISION AND RADIO ARTISTS \(SAG-AFTRA\)","","SAG-AFTRA"
"Washington & Northern Idaho District Council of Laborers, LIUNA","","LIUNA"
"Southern Region, Workers United, SEIU","","WU"
"INTERNATIONAL UNION OF ELECTRONIC, ELECTRICAL, SALARIED, MACHINE AND FURNITURE WORKERS - CWA AFL-CIO","","CWA"
"United Steel, Paper and Forestry, Rubber, Manufacturing, Energy, Allied-Industrial and Service Workers International Union, AFL-CIO, CLC","","USW"
"PATCO \[Professional Air Traffic Controllers Organization\]","","PATCO"
"United Steel, Paper & Forestry, Rubber, Manufacturing, Energy, Allied Industrial & Service Workers International Union, AFL-CIO/CLC","","USW"
"International Union, United Automobile, Aerospace and Agricultural Implement Workers of America, AFL-CIO \(UAW\)","","UAW"
"SERVICE EMPLOYEES INTERNATIONAL UNION, UNITED SERVICE WORKERS-WEST","","SEIU"
"INTERNATIONAL ASSOCIATION OF SHEET METAL, AIR, RAIL AND TRANSPORTATION WORKERS","","SMART"
"Oregon Nurses Association, American Federation of Teachers","","AFT"
"International Association of Machinists & Aerospace Workers AFL-CIO","","IAM"
"Law Enforcement Officers Security Unions \(LEOSU-DC\)","","United Federation LEOS-PBA"
"NATIONAL ASSOCIATION OF GOVERNMENT EMPLOYEES","","NAGE"
"GRAPHIC COMMUNICATIONS CONFERENCE/INTERNATIONAL BROTHERHOOD OF TEAMSTERS","","Teamsters"
"INTERNATIONAL ASSOCIATION OF MACHINISTS AND AEROSPACE WORKERS, AFL-CIO,","","IAM"
"Michigan Alliance of Charter Teachers and Staff \(Michigan ACTS\), American Federation of Teachers \(AFT\), AFL-CIO","","AFT"
"WASHINGTON AND NORTHERN IDAHO DISTRICT COUNCIL OF LABORERS, AFL-CIO","","LIUNA"
"Service Employees International Union HCII","","SEIU"
"UNITED STEEL, PAPER AND FORESTRY, RUBBER, MANUFACTURING, ENERGY, ALLIED INDUSTRIAL AND SERVICE WORKERS INTERNATIONAL UNION AFL-CIO, CLC","","USW"
"Public Service Employees Local Union - LIUNA","","LIUNA"
"Laborers International Union of North America","","LIUNA"
"SEIU HEALTHCARE MISSOURI-KANSAS, A DIVISION OF SEIU HEALTHCARE ILLINOIS-INDIANA","","SEIU"
"FEDERAL CONTRACT GUARDS OF AMERICA \(FCGOA\) INTERNATIONAL UNION","","FCGOA"
"Service Employees International Union-United Healthcare Workers, \[SEIU-UHW\]","","SEIU"
"NNOC-MISSOURI/NNU","","NNU"
"RETAIL, WHOLESALE AND DEPARTMENT STORE UNION, UNITED FOOD AND COMMERCIAL WORKERS \(RWDSU\)","","RWDSU"
"National Air Traffic Controllers Association","","NATCA"
"UNITED STEELWORKERS OF AMERICA, AFL-CIO, CLC","","USW"
"INT'L UNION, SECURITY, POLICE AND FIRE PROFESSIONALS OF AMERICA, \(SPFPA\)","","SPFPA"
"WASHINGTON & NORTHERN IDAHO DISTRICT COUNCIL OF LABORERS","","LIUNA"
"IUE-CWA, AFL-CIO","","CWA"
"IAM Midwest Territory","","IAM"
"NNOC-FLORIDA/NNU","","NNU"
"INTERNATIONAL ASSOCIATION OF EMTS AND PARAMEDICS, SEIU/NAGE","","NAGE"
"UNITED STEELWORKERS, AFL-CIO","","USW"
"UNITED STEEL, PAPER AND FORESTRY, RUBBER, MANUFACTURING, ENERGY, ALLIED INDUSTRAL AND SERVICE WORKER","","USW"
"UGSOA INTERNATIONAL UNION","","UGSOA"
"INTERNATIONAL CHEMICAL WORKERS UNION COUNCIL OF THE UFCW","","UFCW"
"ASSOCIATED FRENCH SCHOOL EMPLOYEES, AFT, AFL-CIO","","AFT"
"Security, Police and Fire Professionals of America \(SPFPA\)","","SPFPA"
"TRANSPORT WORKERS UNION OF AMERICA","","TWU"
"USWA, AFL-CIO, CLC","","USW"
"USCSO","","USCSO"
"SERVICE EMPLOYEES INTERNATIONAL UNION, CHANGE TO WIN","","SEIU"
"IBEW, AFL-CIO","","IBEW"
"OFFICE AND PROFESSIONAL EMPLOYEES INTERNATIONAL UNION","","OPEIU"
"ILWU","","ILWU"
"American Postal Workers Union","","APWU"
"Milwaukee & Southern Wisconsin Regional Council of Carpenters","","UBC"
"UFCW Local Two","","UFCW"
"Unión General de Trabajadores, SEIU","","SEIU"
"Chicago and Northeast Illinois District Council of Carpenters","","UBC"
"International Union, United Automobile, Aerospace & Agricultural Implement Workers of America, UAW, AFL-CIO","","UAW"
"Service Employees International Union, United Healthcare Workers West, AFL-CIO","","SEIU"
"International Association of EMTS and Paramedics,SEIU/NAGE, AFL-CIO","","NAGE"
"Arkansas Regional Council of Carpenters","","UBC"
"United Automobile, Aerospace & Agricultural Implement Workers of America \(UAW\)","","UAW"
"United Auto Workers International Union, UAW","","UAW"
"Milwaukee & Southern Regional Council of Carpenters","","UBC"
"IAM&AW, AFL-CIO","","IAM"
"Southern and Central Illinois Laborers' District Council","","LIUNA"
"International Association of EMTs and Paramedics, NAGE-SEIU, AFL-CIO","","NAGE"
"Service Employees International Union, AFL-CIO-CLC","","SEIU"
"International Union United Automobile, Aerospace and Agricultural Workers of America \(UAW\)","","UAW"
"International Union, Security Police Fire Professionals of America \(SPFPA\)","","SPFPA"
"Connecticut Laborers' District Council","","LIUNA"
"USWA, AFL-CIO-CLC","","USW"
"United Steelworkers of America AFL-CIO-C","","USW"
"United Electrical, Radio and Machine Wor","","UE"
"Laborers International Union of North Am","","LIUNA"
"Service Employees International Union Lo","","SEIU"
"Office & Professional Employees Internat","","OPEIU"
"Union Rights for Security Officers","","URSO"
"NABET-CWA, AFL-CIO","","NABET"
"California Nurses Association/National Nurses United","","NNU"
"United Steel, Paper and Forestry, Rubber, Manufacturing, Energy, Allied Industrial & Service Workers International Union, AFL-CIO, CLC","","USW"
"International Association of Machinists and Aerospace Workers \(IAM\)","","IAM"
"Workers United a/w Service Employees International Union \(SEIU\)","","WU"
"American Federation of Teachers – Pennsylvania","","AFT"
"California Nurses Association/National Nurses United \(CNA/NNU\)","","NNU"
"United Steel, Paper & Forestry, Rubber, Manufacturing, Energy, Allied Industrial & Service Workers International Union","","USW"
"Retail, Wholesale and Department Store Union Mid-South","","RWDSU"
"The Pharmacy Guild a/w International Association of Machinists and Aerospace Workers, AFL-CIO","","IAM"
"International Association of Machinists and Aerospace Workers, AFL-CIO, CLC","","IAM"
"United Steel, Paper and Forestry, Rubber, Manufacturing, Energy, Allied & Industrial Service Workers International Union, AFL CIO, CLC","","USW"
"Workers United, a/w Service Employees International Union","","WU"
"New York Metropolitan Area Joint Board, Workers United","","WU"
"WORKERS UNITED, AFFILIATED WITH SERVICE EMPLOYEES INTERNATIONAL UNION \(SEIU\)","","WU"
"Workers United, Service Employees International Union","","WU"
"NABET-CWA","","NABET"
"INTERNATIONAL UNION, UNITED AUTOMOBILE, AEROSPACE AND AGRICULTURAL IMPLEMENT WORKERS OF AMERICA \(UAW\), AFL-CIO","","UAW"
"International Union of Painters and Allied Trades","","IUPAT"
"IUE-Communications Workers of America","","CWA"
"CalArts United - UAW","","UAW"
"FEDERAL CONTRACT GUARDS OF AMERICA","","FCGOA"
"United Food and Commercial Workers District Union Local Two","","UFCW"
"Screen Actors Guild-American Federation of Television and Radio Artists","","SAG-AFTRA"
"United Automobile, Aerospace, and Agricultural Implement Workers of America, UAW","","UAW"
"United Federation of Teachers","","AFT"
"United Steel, Paper and Forestry, Rubber, Manufacturing, Energy, Allied & Industrial Service Workers International Union, AFL-CIO, CLC \(USW\)","","USW"
"American Federation of State, County and Municipal Employees, AFL-CIO","","AFSCME"
"Chicago and Midwest Regional Joint Board, Workers United","","WU"
"Retail, Wholesale and Department Store Union \(RWDSU\)","","RWDSU"
"International Association of Machinists & Aerospace Workers \(IAM&AW\), AFL-CIO","","IAM"
"Graduate Students United \(GSU\) - United Electrical, Radio & Machine Workers of America \(UE\)","","UE"
"International Union, United Automobile, Aerospace & Agricultural Implement Workers of America-UAW","","UAW"
"National Association of Broadcast Employees & Technicians - Communications Workers of America AFL-CIO","","NABET"
"United Steel, Paper and Forestry, Rubber, Manufacturing, Allied Industrial and Service Workers International Union, AFL-CIO, CLC","","USW"
"International Union, United Automobile, Aerospace & Agricultural Implement Workers of America \(UAW\), AFL-CIO","","UAW"
"SEIU Healthcare MN & IA","","SEIU"
"The News Guild-CWA","","NewsGuild"
"International Union, Security, Police and Fire Professional of America \(SPFPA\)","","SPFPA"
"INTERNATIONAL ALLIANCE OF THEATRICAL STAGE EMPLOYEES","","IATSE"
"UVMMC Support Staff United, VFNHP, AFT Vermont","","AFT"
"SEIU, United Healthcare Workers - West","","SEIU"
"International Union, United Automobile, Aerospace and Agricultural Implement Workers of America, \(UAW\), AFL-CIO","","UAW"
"New York New Jersey Regional Joint Board, Workers United","","WU"
"National Air Traffic Controllers Association, Inc\., AFL-CIO \(NATCA\)","","NATCA"
"International Union, Security, Police & Fire Professionals of America","","SPFPA"
"INTERNATIONAL ASSOCIATION OF BRIDGE, STRUCTURAL, ORNAMENTAL AND REINFORCING IRON WORKERS, AFL-CIO","","Ironworkers"
"Chicago & Midwest Regional Joint Board, Workers United, an affiliate of SEIU","","WU"
"California Federation of Teachers, AFL-CIO","","AFT"
"United Steel, Paper and Forestry, Rubber, Manufacturing, Energy, Allied Industrial & Service Workers International Union, AFL-CIO","","USW"
"International Union, United Automobile, Aerospace, and Agricultural Implement Workers of America, UAW","","UAW"
"UNITED STEEL, PAPER AND FORESTRY, RUBBER, MANUFACTURING, ENERGY, ALLIED INDUSTRIAL AND SERVICE WORKERS INTERNATIONAL UNION, AFL-CIO","","USW"
"SEIU HC Illinois, Indiana, Missouri and Kansas","","SEIU"
"UFCW District Union Local One","","UFCW"
"Theatrical Protective Union, Local No\. One, IATSE, AFL-CIO, CLC","","IATSE"
"UNITED AUTOMOBILE, AEROSPACE & AGRICULTURAL IMPLEMENT WORKERS OF AMERICA \(UAW\)","","UAW"
"The Watson Institute Education Association PSEA/NEA","","NEA"
"Screen Actors Guild- American Federation of Television and Radio Artists \(SAG-AFTRA\)","","SAG-AFTRA"
"Retail, Wholesale, and Department Store Union, UFCW","","RWDSU"
"Retail, Wholesale and Department Store Union, UFCW","","RWDSU"
"INTERNATIONAL UNION OF ELEVATOR CONSTRUCTORS, AFL-CIO","","IUEC"
"International Chemical Workers Union Council of the United Food and Commercial Workers Union, AFL-CIO, CLC","","UFCW"
"THE NEWS GUILD-CWA","","NewsGuild"
"PA Virtual Charter Education Association, PSEA/NEA","","NEA"
"CALIFORNIA FEDERATION OF TEACHERS","","AFT"
"UNITED AUTOMOBILE, AEROSPACE AND AGRICULTURAL IMPLEMENT WORKERS OF AMERICA, UAW","","UAW"
"Cleveland Alliance of Charter Teachers and Staff, a/w Ohio Federation of Teachers, American Federation of Teachers, AFL-CIO","","AFT"
"UNITED STEEL, PAPER & FORESTRY, RUBBER, MANUFACTURING, ENERGY, ALLIED INDUSTRIAL & SERVICE WORKERS INTERNATIONAL UNION","","USW"
"California Nurses Association Legal Department","","NNU"
"Retail, Wholesale, & Department Store Union/UFCW Southeast Council","","RWDSU"
"Retail, Wholesale & Department Store Union \(RWDSU\)","","RWDSU"
"SEIU Healthcare Missouri/Kansas, a Division of SEIU Healthcare Illinois & Indiana","","SEIU"
"UNITED STEEL, PAPER AND FORESTRY, RUBBER, MANUFACTURING, ENERGY, ALLIED INDUSTRIAL AND SERVICE WORKERS, INTERNATIONAL UNION","","USW"
"Northeast Regional Council of Carpenters","","UBC"
"Retail, Wholesale, Department Store Union \(RWDSU\) United Food and Commercial Workers, AFL-CIO, CLC","","RWDSU"
"Law Enforcement Officers Security Unions LEOSU-DC","","United Federation LEOS-PBA"
"International Alliance of Theatrical Stage Employees, Moving Picture Technicians, Artists and Allied Crafts of the United States, its Territories and Canada AFL-CIO CLC","","IATSE"
"UFCW Local One","","UFCW"
"Retail, Wholesale & Department Store Union, Mid-South Council","","RWDSU"
"Service Employees International Union, United Healthcare Workers - West \(SEIU-UHW\)","","SEIU"
"SEIU Healthcare Michigan, Service Employees International Union","","SEIU"
"United Steel, Paper and Forestry, Rubber Manufacturing, Energy, Allied Industrial and Service Workers International Union","","USW"
"UNITED STEEL, PAPER AND FORESTRY, RUBBER, MANUFACTURING, ENERGY, ALLIED INDUSTRIAL AND SERVICE WORKERS INTERNATIONAL UNION \(USW\), AFL-CIO, CLC","","USW"
"International Chemical Workers Union Council of United Food and Commercial Workers International Union","","UFCW"
"HARVARD GRADUATE STUDENTS UNION-UAW \(HGSU-UAW\)","","UAW"
"Union General de Trabajadores, Service Employees International Union \(SEIU\)","","SEIU"
"SEIU HEALTHCARE WISCONSIN","","SEIU"
"United Food & Commercial Workers International Union","","UFCW"
"Service Employees International Union - Healthcare Minnesota","","SEIU"
"Amalgamated Transit Union, International","","ATU"
"Screen Actors Guild-American Federation of Television and Radio Artists \(SAG-AFTRA\) Chicago Local","","SAG-AFTRA"
"United Steel, Paper & Forestry, Rubber, Manufacturing, Energy, Allied Industrial and Service Workers","","USW"
"AMALGAMATED TRANSIT UNION, INTERNATIONAL, AFL-CIO","","ATU"
"United Electrical, Radio and Machine Workers of America","","UE"
"UNITED FOOD AND COMMERCIAL WORKERS INTERNATIONAL UNION DISTRICT LOCAL ONE","","UFCW"
"SMART \(Sheet Metal, Air, Rail and Transportation Workers\)","","SMART"
"United Food & Commercial Workers International Union AFL-CIO & CLC","","UFCW"
"The Chicago & Midwest Regional Joint Board, Workers United, an SEIU affiliated","","WU"
"SERVICE EMPLOYEES INTERNATIONAL UNION-WEST","","SEIU"
"NATIONAL EDUCATION ASSOCIATION RHODE ISLAND","","NEA"
"Southern Region Workers United SEIU","","WU"
"SEIU Health Care, Illinois Indiana","","SEIU"
"Philadelphia Joint Board, Workers United A/W SEIU","","WU"
"Industrial Workers of the World - Grand Rapids GMB","","IWW"
"SEIU TEXAS","","SEIU"
"Service Employees International Union Healthcare Illinois, Indiana, Missouri, Kansas","","SEIU"
"SEIU Healthcare IL/IN","","SEIU"
"SEIU HEALTHCA","","SEIU"
"CONNECTICUT HEALTH CARE ASSOCIATES, NUHHCE, AFSCME, AFL-CIO","","AFSCME"
"SEIU","","SEIU"
"INTERNATIONAL UNION OF PAINTERS AND ALLIED TRADES","","IUPAT"
"PENNSYLVANIA ASSOCIATION OF STAFF NURSES AND ALLIED PROFESSIONALS \(PASNAP\)","","PASNAP"
"INTERNATIONAL UNION SECURITY, POLICE AND FIRE PROFESSIONALS OF AMERICA \(SPFPA\)","","SPFPA"
"National Nurses Organizing Committee \(NNOC\)","","NNU"
"National Emergency Medical Services Association","","NEMSA"
"SEIU-ULTCW, Service Employees International Union, United Long Term Care Workers","","SEIU"
"UNITED STEEL, PAPER AND FORESTRY, RUBBER, MANUFACTURING, ENERGY, ALLIED INDUSTRIAL SERVICE WORKERS INTERNATIONAL UNION \(USW\), AFL-CIO","","USW"
"CHICAGO REGIONAL COUNCIL OF CARPENTERS","","UBC"
"NEW ENGLAND COALITION OF PUBLIC SAFETY \(NECOPS\)","","ACOPS"
"INTERNATIONAL ASSOCIATION OF FIRE FIGHTERS, AFL-CIO","","IAFF"
"NATIONAL EMERGENCY MEDICAL SERVICES ASSOCIATION \(NEMSA\)","","NEMSA"
"ASSOCIATION OF WESTERN PULP AND PAPER WORKERS","","AWPPU"
"SEIU HEALTHCARE PENNSYLVANIA","","SEIU"
"SEIU, SERVICE EMPLOYEES INTERNATIONAL UNION, CTW, CLC","","SEIU"
"SECURITY, POLICE AND FIRE PROFESSIONALS OF AMERICA \(SPFPA\)","","SPFPA"
"UGSOA International Union","","UGSOA"
"INTERNATIONAL UNION, SECURITY, POLICE & FIRE PROFESSIONALS OF AMERICA","","SPFPA"
"SERVICE EMPLOYEES INTERNATIONAL UNION HEALTHCARE TEXAS","","SEIU"
"INTERNATIONAL UNION OF PAINTERS AND ALLIED TRADES, AFL-CIO, CLC","","IUPAT"
"International Union of Painters and Allied Trades, AFL-CIO, CLC","","IUPAT"
"AMERICAN FEDERATION OF TEACHERS, AFL-CIO, CLC","","AFT"
"MAINE EDUCATION ASSOCIATION, A/W NATIONAL EDUCATION ASSOCIATION OF THE UNITED STATES","","NEA"
"SPFPA INTERNATIONAL HEADQUARTERS","","SPFPA"
"TEAMSTERS AUTOMOTIVE CHAUFFEURS, PARTS, GARAGE, OFFICE CLERICAL, AIRLINE, HEALTHCARE, PETROLEUM INDU","","Teamsters"
"INTERNATIONAL UNION, UNITED AUTOMOBILE, AEROSPACE AND AGRICULTURAL IMPLEMENT WORKERS OF AMERICA AND","","UAW"
"Southwest Regional Council of Carpenters, United Brotherhood of Carpenters and Joiners of America","","UBC"
"UGSOA","","UGSOA"
"TEAMSTERS NATIONAL UPS FREIGHT NEGOTIATING COMMITTEE","","Teamsters"
"IBEW","","IBEW"
"UNITED ASSOCIATION OF JOURNEYMEN AND APPRENTICES OF THE PLUMBING AND PIPEFITTING INDUSTRY OF THE U\.S","","UA"
"International Association of Machinists and Aerospace Workers, AFl-CIO","","IAM"
"SEIU UNITED HEALTHCARE WORKERS-WEST \(SERVICE EMPLOYEES INTERNATIONAL UNION\)","","SEIU"
"UNITED FOOD AND COMMERCIAL WORKERS UNION","","UFCW"
"Greater Pennsylvania Regional Council of Carpenters","","UBC"
"UNITE HERE","","UNITE HERE"
"SERVICE EMPLOYEES INTERNATIONAL UNION HEALTHCARE PENNSYLVANIA, CTW, CLC","","SEIU"
"INTERNATIONAL ASSOCIATION OF EMTS AND PARAMEDICS","","NAGE"
"NEW ENGLAND REGIONAL COUNCIL OF CARPENTERS, A/W UNITED BROTHERHOOD OF CARPENTERS AND JOINERS OF AMER","","UBC"
"UNITED STEEL WORKERS","","USW"
"INTERNATIONAL UAW","","UAW"
"IAM, MIDWEST TERRITORY REGIONAL OFFICE","","IAM"
"SEAFARERS INTERNATIONAL UNION","","Seafarers"
"Service Employees International Union \(SEIU\) Florida Healthcare Union","","SEIU"
"International Association of EMTs and Paramedics, SEIU/NAGE","","NAGE"
"Service Employees International Union, \(SEIU\) Florida Healthcare Union","","SEIU"
"Seafarers International Union of North America, AFL-CIO","","Seafarers"
"Michigan Regional Council of Carpenters","","UBC"
"IAM and Aerospace Workers, AFL-CIO","","IAM"
"United Steelworkers, AFL-CIO-CLC","","USW"
"International Association of EMT's and Paramedics, SEIU/NAGE, AFL-CIO","","NAGE"
"United Steelworkers of Amercia","","USW"
"Amalgamated Transit Union, AFL-CIO, CLC","","ATU"
"Maine State Nurses Association","","NNU"
"SEIU, UHW- West","","SEIU"
"Retail, Wholesale and Department Store Union, UFCW, AFL-CIO","","RWDSU"
"United Mine Workers of America, AFL-CIO-CLC","","UMWA"
"Greater Pennsylvania Regional Council of Carpenters a/w United Brotherhood of Carpenters and Joiners of America","","UBC"
"New England Regional Council of Carpenters, United Brotherhood of Carpenters & Joiners of America, AFL-CIO","","UBC"
"International Brotherhood of Boilermakers, Iron Ship Builders, Blacksmiths, Forgers & Helpers, AFL-CIO","","IBB"
"New England Regional Council of Carpenters","","UBC"
"USWA AFL-CIO-CLC","","USW"
"AFSCME","","AFSCME"
"National Association of Broadcast Employees & Technicians-CWA, AFL-CIO","","NABET"
"International Organization of Masters, Mates & Pilots, ILA, AFL-CIO","","ILA"
"Mountain West Regional Council of Carpenters","","UBC"
"Teamsters Joint Council","","Teamsters"
"International Chemical Workers Union Council/UFCW","","UFCW"
"International Union of Electrical Workers Industrial Division-Communication Workers of America, AFL-CIO","","CWA"
"International Union, United Automobile, Aerospace & Agricultural Implement Workers of America, \(UAW\)","","UAW"
"Indiana Joint Board, RWDSU Council, UFCW, AFL-CIO","","RWDSU"
"UAW Subregional Office","","UAW"
"United Steelworkers of America - AFL-CIO-CLC","","USW"
"International Association of EMTs and Paramedics, NAGE, SEIU, AFL-CIO","","NAGE"
"International Union UAW","","UAW"
"Indiana Regional Council of Carpenters","","UBC"
"New York District Council of Carpenters, United Brotherhood of Carpenters and Joiners of America, AFL-CIO","","UBC"
"UFCW District Union Local Two, AFL-CIO","","UFCW"
"American Postal Workers Union, Pittsburgh Metro Area Postal Workers Union, AFL-CIO","","APWU"
"IAM & AW Western Regional Office","","IAM"
"IAM District Council","","IAM"
"International Association of EMT's & Paramedics\(I\.A\.E\.P\.\), Div\. of NAGE/SEIU, AFL-CIO","","NAGE"
"International Union, United Automobile, Aerospace, & Agricultural Implement Workers of America, Uaw","","UAW"
"United Food & Commercial Workers' Intl\.","","UFCW"
"United Food & Commercial Workers Interna","","UFCW"
"Intl\. Union of Operating Engineers, Loca","","IUOE"
"Communications Workers of America, AFL-C","","CWA"
"Intl\. Brotherhood of Teamsters, Local No","","Teamsters"
"Laborers' International Union of North A","","LIUNA"
"United Food and Commercial Workers Distr","","UFCW"
"The Newspaper Guild of New York, Local N","","NewsGuild"
